Test Suite,Test,Test#,Type,Pattern,Lower,Upper,Unit,Min,Max,Mean,Sdev,Device#,Fail#,Alarm#,Time,TS Time
"DIODE_GND","DIODE_GND",3016,"Parametric","",-1000,-300,"mV",-450.647,-437.488,-446.459,4.63159,96,0,0,0.00848114,***
"DIODE_GND","DIODE_GND",3116,"Parametric","",-1000,-300,"mV",-448.831,-437.289,-445.407,4.39149,96,0,0,0.00848114,***
"DIODE_GND","DIODE_GND",3216,"Parametric","",-1000,-300,"mV",-449.668,-437.244,-445.778,4.66912,96,0,0,0.00848114,***
"DIODE_GND","DIODE_GND",3316,"Parametric","",-1000,-300,"mV",-448.145,-435.723,-444.495,4.63182,96,0,0,0.00848114,***
"DIODE_GND","DIODE_GND",3416,"Parametric","",-1000,-300,"mV",-448.623,-436.976,-445.239,4.27789,96,0,0,0.00848114,***
"DIODE_GND","DIODE_GND",3516,"Parametric","",-1000,-300,"mV",-524.659,-437.773,-454.736,26.4968,96,0,0,0.00848114,***
"DIODE_GND","DIODE_GND",3616,"Parametric","",-1000,-300,"mV",-459.415,-437.488,-447.279,6.44714,96,0,0,0.00848114,***
"DIODE_GND","DIODE_GND",3716,"Parametric","",-1000,-300,"mV",-450.471,-438.484,-446.442,4.58976,96,0,0,0.00848114,***
"DIODE_GND","DIODE_GND",3816,"Parametric","",-1000,-300,"mV",-451.073,-439.591,-446.947,4.56261,84,0,0,0.00848114,***
"DIODE_GND","DIODE_GND",3916,"Parametric","",-1000,-300,"mV",-451.414,-439.306,-447.104,4.72105,84,0,0,0.00848114,***
"DIODE_GND","DIODE_GND",4016,"Parametric","",-1000,-300,"mV",-447.615,-434.581,-443.117,4.57819,96,0,0,0.00848114,***
"DIODE_GND","DIODE_GND",4116,"Parametric","",-1000,-300,"mV",-450.447,-438.342,-446.645,4.60917,96,0,0,0.00848114,***
"DIODE_GND","DIODE_GND",4216,"Parametric","",-1000,-300,"mV",-450.875,-438.773,-446.694,4.51954,96,0,0,0.00848114,***
"DIODE_GND","DIODE_GND",4316,"Parametric","",-1000,-300,"mV",-449.406,-437.712,-445.329,4.08952,96,0,0,0.00848114,***
"DIODE_GND","DIODE_GND",4416,"Parametric","",-1000,-300,"mV",-448.951,-437.928,-445.367,4.06402,96,0,0,0.00848114,***
"DIODE_GND","DIODE_GND",4516,"Parametric","",-1000,-300,"mV",-450.816,-439.477,-446.81,4.16471,96,0,0,0.00848114,***
"DIODE_GND","DIODE_GND",4616,"Parametric","",-1000,-300,"mV",-451.17,-440.034,-447.58,4.08888,96,0,0,0.00848114,***
"DIODE_GND","DIODE_GND",4716,"Parametric","",-1000,-300,"mV",-451.669,-437.647,-446.831,4.8433,96,0,0,0.00848114,***
"DIODE_GND","DIODE_GND",4816,"Parametric","",-1000,-300,"mV",-449.451,-436.634,-445.392,4.67518,96,0,0,0.00848114,***
"DIODE_GND","DIODE_GND",4916,"Parametric","",-1000,-300,"mV",-453.113,-439.452,-448.605,5.09384,96,0,0,0.00848114,***
"DIODE_GND","DIODE_GND",5016,"Parametric","",-1000,-300,"mV",-454.215,-441.881,-449.792,4.61615,96,0,0,0.00848114,***
"DIODE_GND","DIODE_GND",5116,"Parametric","",-1000,-300,"mV",-453.442,-440.909,-448.974,4.62237,96,0,0,0.00848114,***
"DIODE_GND","DIODE_GND",5216,"Parametric","",-1000,-300,"mV",-452.487,-439.64,-448.167,4.69446,96,0,0,0.00848114,***
"DIODE_GND","DIODE_GND",5316,"Parametric","",-1000,-300,"mV",-453.375,-440.596,-448.767,4.78677,96,0,0,0.00848114,***
"DIODE_GND","DIODE_GND",5416,"Parametric","",-1000,-300,"mV",-453.612,-439.77,-448.498,5.14219,96,0,0,0.00848114,***
"DIODE_GND","DIODE_GND",5516,"Parametric","",-1000,-300,"mV",-634.255,-439.814,-471,61.8573,96,0,0,0.00848114,***
"DIODE_GND","DIODE_GND",5616,"Parametric","",-1000,-300,"mV",-448.838,-436.606,-445.37,4.66671,96,0,0,0.00848114,***
"DIODE_GND","DIODE_GND",5716,"Parametric","",-1000,-300,"mV",-449.708,-438.883,-445.924,4.07551,96,0,0,0.00848114,***
"DIODE_GND","DIODE_GND",5816,"Parametric","",-1000,-300,"mV",-451.113,-440.123,-447.307,4.52661,84,0,0,0.00848114,***
"DIODE_GND","DIODE_GND",5916,"Parametric","",-1000,-300,"mV",-448.622,-436.634,-445.212,4.62545,96,0,0,0.00848114,***
"DIODE_GND","DIODE_GND",6016,"Parametric","",-1000,-300,"mV",-452.491,-439.424,-447.858,4.87235,96,0,0,0.00848114,***
"DIODE_GND","DIODE_GND",6116,"Parametric","",-1000,-300,"mV",-453.442,-440.249,-448.181,4.69759,96,0,0,0.00848114,***
"DIODE_GND","DIODE_GND",6216,"Parametric","",-1000,-300,"mV",-452.431,-440.603,-448.135,4.27783,96,0,0,0.00848114,***
"DIODE_GND","DIODE_GND",6316,"Parametric","",-1000,-300,"mV",-454.295,-441.364,-449.348,4.52986,96,0,0,0.00848114,***
"DIODE_GND","DIODE_GND",6416,"Parametric","",-1000,-300,"mV",-453.625,-439.999,-448.392,4.81665,96,0,0,0.00848114,***
"DIODE_GND","DIODE_GND",6516,"Parametric","",-1000,-300,"mV",-447.254,-436.115,-443.584,4.39834,84,0,0,0.00848114,***
"DIODE_GND","DIODE_GND",6616,"Parametric","",-1000,-300,"mV",-452.601,-439.36,-447.604,5.15491,84,0,0,0.00848114,***
"DIODE_GND","DIODE_GND",6716,"Parametric","",-1000,-300,"mV",-446.333,-435.739,-442.93,4.3196,84,0,0,0.00848114,***
"DIODE_GND","DIODE_GND",6816,"Parametric","",-1000,-300,"mV",-450.346,-437.485,-446.267,4.54533,96,0,0,0.00848114,***
"DIODE_GND","DIODE_GND",6916,"Parametric","",-1000,-300,"mV",-448.596,-436.52,-445.058,4.58875,96,0,0,0.00848114,***
"DIODE_GND","DIODE_GND",7016,"Parametric","",-1000,-300,"mV",-451.308,-438.029,-447.093,4.90173,96,0,0,0.00848114,***
"PIN2PIN_ODD_ROW","PIN2PIN_ODD_ROW",3017,"Parametric","",-1600,75,"nA",-77,-49,-58.0714,10.8248,84,0,0,0.00889742,***
"PIN2PIN_ODD_ROW","PIN2PIN_ODD_ROW",3117,"Parametric","",-1600,75,"nA",-74,-49,-57.5119,10.0678,84,0,0,0.00889742,***
"PIN2PIN_ODD_ROW","PIN2PIN_ODD_ROW",3217,"Parametric","",-1600,75,"nA",-74,-48,-56.9643,10.4783,84,0,0,0.00889742,***
"PIN2PIN_ODD_ROW","PIN2PIN_ODD_ROW",3317,"Parametric","",-1600,75,"nA",-76,-49,-57.381,10.9565,84,0,0,0.00889742,***
"PIN2PIN_ODD_ROW","PIN2PIN_ODD_ROW",3417,"Parametric","",-1600,75,"nA",-77,-51,-58.6786,10.4029,84,0,0,0.00889742,***
"PIN2PIN_ODD_ROW","PIN2PIN_ODD_ROW",3517,"Parametric","",-1600,75,"nA",-75,-51,-58.4048,9.99412,84,0,0,0.00889742,***
"PIN2PIN_ODD_ROW","PIN2PIN_ODD_ROW",3617,"Parametric","",-1600,75,"nA",-75,-50,-58.4405,10.5697,84,0,0,0.00889742,***
"PIN2PIN_ODD_ROW","PIN2PIN_ODD_ROW",3717,"Parametric","",-1600,75,"nA",-75,-50,-58.7738,10.417,84,0,0,0.00889742,***
"PIN2PIN_ODD_ROW","PIN2PIN_ODD_ROW",3817,"Parametric","",-1600,75,"nA",-76,-49,-58.7381,10.574,84,0,0,0.00889742,***
"PIN2PIN_ODD_ROW","PIN2PIN_ODD_ROW",3917,"Parametric","",-1600,75,"nA",-71,-45,-53.5357,10.2926,84,0,0,0.00889742,***
"PIN2PIN_ODD_ROW","PIN2PIN_ODD_ROW",4017,"Parametric","",-1600,75,"nA",-77,-50,-58.869,10.9487,84,0,0,0.00889742,***
"PIN2PIN_ODD_ROW","PIN2PIN_ODD_ROW",4117,"Parametric","",-1600,75,"nA",-70,-45,-53.2857,10.7239,84,0,0,0.00889742,***
"PIN2PIN_ODD_ROW","PIN2PIN_ODD_ROW",4217,"Parametric","",-1600,75,"nA",-70,-45,-53.369,9.84798,84,0,0,0.00889742,***
"PIN2PIN_ODD_ROW","PIN2PIN_ODD_ROW",4317,"Parametric","",-1600,75,"nA",-69,-45,-53.1667,9.29676,84,0,0,0.00889742,***
"PIN2PIN_ODD_ROW","PIN2PIN_ODD_ROW",4417,"Parametric","",-1600,75,"nA",-69,-46,-53.2619,9.69675,84,0,0,0.00889742,***
"PIN2PIN_ODD_ROW","PIN2PIN_ODD_ROW",4517,"Parametric","",-1600,75,"nA",-70,-45,-53.5714,10.2854,84,0,0,0.00889742,***
"PIN2PIN_ODD_ROW","PIN2PIN_ODD_ROW",4617,"Parametric","",-1600,75,"nA",-71,-43,-54,10.9423,84,0,0,0.00889742,***
"PIN2PIN_ODD_ROW","PIN2PIN_ODD_ROW",4717,"Parametric","",-1600,75,"nA",-70,-45,-53.7143,9.82935,84,0,0,0.00889742,***
"PIN2PIN_ODD_ROW","PIN2PIN_ODD_ROW",4817,"Parametric","",-1600,75,"nA",-76,-49,-57.5952,11.0988,84,0,0,0.00889742,***
"PIN2PIN_ODD_ROW","PIN2PIN_ODD_ROW",4917,"Parametric","",-1600,75,"nA",-74,-50,-57.881,9.85852,84,0,0,0.00889742,***
"PIN2PIN_ODD_ROW","PIN2PIN_ODD_ROW",5017,"Parametric","",-1600,75,"nA",-75,-50,-58.3571,10.1455,84,0,0,0.00889742,***
"PIN2PIN_ODD_ROW","PIN2PIN_ODD_ROW",5117,"Parametric","",-1600,75,"nA",-77,-50,-57.9405,11.0958,84,0,0,0.00889742,***
"PIN2PIN_ODD_ROW","PIN2PIN_ODD_ROW",5217,"Parametric","",-1600,75,"nA",-71,-45,-53.7024,10.2532,84,0,0,0.00889742,***
"PIN2PIN_ODD_ROW","PIN2PIN_ODD_ROW",5317,"Parametric","",-1600,75,"nA",-70,-44,-53.5833,9.75261,84,0,0,0.00889742,***
"PIN2PIN_ODD_ROW","PIN2PIN_ODD_ROW",5417,"Parametric","",-1600,75,"nA",-69,-45,-53.3452,10.0583,84,0,0,0.00889742,***
"PIN2PIN_ODD_ROW","PIN2PIN_ODD_ROW",5517,"Parametric","",-1600,75,"nA",-70,-44,-53.0833,9.59569,84,0,0,0.00889742,***
"PIN2PIN_ODD_ROW","PIN2PIN_ODD_ROW",5617,"Parametric","",-1600,75,"nA",-70,-45,-53.7143,10.0163,84,0,0,0.00889742,***
"PIN2PIN_ODD_ROW","PIN2PIN_ODD_ROW",5717,"Parametric","",-1600,75,"nA",-75,-49,-57.25,9.76701,84,0,0,0.00889742,***
"PIN2PIN_ODD_ROW","PIN2PIN_ODD_ROW",5817,"Parametric","",-1600,75,"nA",-72,-46,-54.0119,10.4195,84,0,0,0.00889742,***
"PIN2PIN_ODD_ROW","PIN2PIN_ODD_ROW",5917,"Parametric","",-1600,75,"nA",-74,-51,-58.4881,9.86352,84,0,0,0.00889742,***
"PIN2PIN_ODD_ROW","PIN2PIN_ODD_ROW",6017,"Parametric","",-1600,75,"nA",-69,-45,-53.2857,9.26916,84,0,0,0.00889742,***
"PIN2PIN_ODD_ROW","PIN2PIN_ODD_ROW",6117,"Parametric","",-1600,75,"nA",-70,-46,-53.5595,9.8499,84,0,0,0.00889742,***
"PIN2PIN_ODD_ROW","PIN2PIN_ODD_ROW",6217,"Parametric","",-1600,75,"nA",-70,-45,-52.869,10.3036,84,0,0,0.00889742,***
"SupplyShort_VDD","SupplyShort_VDD",19,"Parametric","",***,100000,"nA",-36.339,137.1,34.3496,41.9302,84,0,0,0.014564,***
"ZOUT_AllOutputs","ZOUT_AllOutputs",18000001,"Parametric","",144,256,"Ohm",214.809,217.953,216.251,0.947528,84,0,0,0.00220526,***
"ZOUT_AllOutputs","ZOUT_AllOutputs",18000002,"Parametric","",144,256,"Ohm",214.908,217.64,216.232,0.781408,84,0,0,0.00220526,***
"ZOUT_AllOutputs","ZOUT_AllOutputs",18000003,"Parametric","",144,256,"Ohm",214.493,217.42,215.689,0.904028,84,0,0,0.00220526,***
"ZOUT_AllOutputs","ZOUT_AllOutputs",18000004,"Parametric","",144,256,"Ohm",214.525,216.575,215.466,0.717052,84,0,0,0.00220526,***
"IIH_Inputs","IIH_Inputs",49,"Parametric","",***,180,"nA",1,2,1.0119,0.109109,84,0,0,0.00937519,***
"IIH_Inputs","IIH_Inputs",149,"Parametric","",***,180,"nA",1,1,1,0,84,0,0,0.00937519,***
"IIH_Inputs","IIH_Inputs",249,"Parametric","",***,180,"nA",0,1,0.928571,0.259086,84,0,0,0.00937519,***
"IIH_Inputs","IIH_Inputs",349,"Parametric","",***,180,"nA",1,1,1,0,84,0,0,0.00937519,***
"IIH_Inputs","IIH_Inputs",449,"Parametric","",***,180,"nA",0,2,0.97619,0.218218,84,0,0,0.00937519,***
"IIH_Inputs","IIH_Inputs",549,"Parametric","",***,180,"nA",1,1,1,0,84,0,0,0.00937519,***
"IIH_Inputs","IIH_Inputs",649,"Parametric","",***,180,"nA",1,2,1.07143,0.259086,84,0,0,0.00937519,***
"IIH_Inputs","IIH_Inputs",749,"Parametric","",***,180,"nA",-2,1,0.678571,0.808996,84,0,0,0.00937519,***
"IIH_Inputs","IIH_Inputs",849,"Parametric","",***,180,"nA",1,2,1.05952,0.238024,84,0,0,0.00937519,***
"IIH_Inputs","IIH_Inputs",949,"Parametric","",***,180,"nA",0,1,0.97619,0.153371,84,0,0,0.00937519,***
"IIH_Inputs","IIH_Inputs",1049,"Parametric","",***,180,"nA",0,2,0.880952,0.422407,84,0,0,0.00937519,***
"IIH_Inputs","IIH_Inputs",1149,"Parametric","",***,180,"nA",1,1,1,0,84,0,0,0.00937519,***
"IIH_Inputs","IIH_Inputs",1249,"Parametric","",***,180,"nA",0,1,0.940476,0.238024,84,0,0,0.00937519,***
"IIH_Inputs","IIH_Inputs",1349,"Parametric","",***,180,"nA",0,1,0.904762,0.295307,84,0,0,0.00937519,***
"IIH_Inputs","IIH_Inputs",1449,"Parametric","",***,180,"nA",0,1,0.77381,0.420877,84,0,0,0.00937519,***
"IIH_Inputs","IIH_Inputs",1549,"Parametric","",***,180,"nA",0,1,0.797619,0.404188,84,0,0,0.00937519,***
"IIH_Inputs","IIH_Inputs",1649,"Parametric","",***,180,"nA",0,2,0.928571,0.30203,84,0,0,0.00937519,***
"IIH_Inputs","IIH_Inputs",1749,"Parametric","",***,180,"nA",0,1,0.964286,0.186691,84,0,0,0.00937519,***
"IIH_Inputs","IIH_Inputs",1849,"Parametric","",***,180,"nA",1,2,1.0119,0.109109,84,0,0,0.00937519,***
"IIH_Inputs","IIH_Inputs",1949,"Parametric","",***,180,"nA",0,2,0.964286,0.242796,84,0,0,0.00937519,***
"IIH_Inputs","IIH_Inputs",2049,"Parametric","",***,180,"nA",0,1,0.869048,0.339374,84,0,0,0.00937519,***
"IIH_Inputs","IIH_Inputs",2149,"Parametric","",***,180,"nA",1,2,1.02381,0.153371,84,0,0,0.00937519,***
"IIH_Inputs","IIH_Inputs",2249,"Parametric","",***,180,"nA",0,2,1.09524,0.399368,84,0,0,0.00937519,***
"IIH_Inputs","IIH_Inputs",2349,"Parametric","",***,180,"nA",0,1,0.916667,0.278045,84,0,0,0.00937519,***
"IIH_Inputs","IIH_Inputs",2449,"Parametric","",***,180,"nA",0,1,0.988095,0.109109,84,0,0,0.00937519,***
"IIH_Inputs","IIH_Inputs",2549,"Parametric","",***,180,"nA",0,2,1.07143,0.460113,84,0,0,0.00937519,***
"IIH_Inputs","IIH_Inputs",2649,"Parametric","",***,180,"nA",0,1,0.797619,0.404188,84,0,0,0.00937519,***
"IIH_Inputs","IIH_Inputs",2749,"Parametric","",***,180,"nA",0,2,1,0.268866,84,0,0,0.00937519,***
"IIH_Inputs","IIH_Inputs",2849,"Parametric","",***,180,"nA",0,1,0.952381,0.214238,84,0,0,0.00937519,***
"IIH_Inputs","IIH_Inputs",2949,"Parametric","",***,180,"nA",0,1,0.988095,0.109109,84,0,0,0.00937519,***
"IIH_Inputs","IIH_Inputs",3049,"Parametric","",***,180,"nA",0,1,0.904762,0.295307,84,0,0,0.00937519,***
"IIH_Inputs","IIH_Inputs",3149,"Parametric","",***,180,"nA",0,1,0.785714,0.41279,84,0,0,0.00937519,***
"IIH_Inputs","IIH_Inputs",3249,"Parametric","",***,180,"nA",0,2,0.904762,0.455728,84,0,0,0.00937519,***
"IIL_Inputs","IIL_Inputs",10049,"Parametric","",***,180,"nA",-1,0,-0.119048,0.32579,84,0,0,0.00932083,***
"IIL_Inputs","IIL_Inputs",10149,"Parametric","",***,180,"nA",-1,0,-0.130952,0.339374,84,0,0,0.00932083,***
"IIL_Inputs","IIL_Inputs",10249,"Parametric","",***,180,"nA",-1,0,-0.142857,0.352029,84,0,0,0.00932083,***
"IIL_Inputs","IIL_Inputs",10349,"Parametric","",***,180,"nA",0,0,0,0,84,0,0,0.00932083,***
"IIL_Inputs","IIL_Inputs",10449,"Parametric","",***,180,"nA",-1,0,-0.178571,0.385293,84,0,0,0.00932083,***
"IIL_Inputs","IIL_Inputs",10549,"Parametric","",***,180,"nA",0,0,0,0,84,0,0,0.00932083,***
"IIL_Inputs","IIL_Inputs",10649,"Parametric","",***,180,"nA",0,0,0,0,84,0,0,0.00932083,***
"IIL_Inputs","IIL_Inputs",10749,"Parametric","",***,180,"nA",-3,0,-0.297619,0.740885,84,0,0,0.00932083,***
"IIL_Inputs","IIL_Inputs",10849,"Parametric","",***,180,"nA",-1,0,-0.0119048,0.109109,84,0,0,0.00932083,***
"IIL_Inputs","IIL_Inputs",10949,"Parametric","",***,180,"nA",-1,0,-0.0952381,0.295307,84,0,0,0.00932083,***
"IIL_Inputs","IIL_Inputs",11049,"Parametric","",***,180,"nA",-1,0,-0.142857,0.352029,84,0,0,0.00932083,***
"IIL_Inputs","IIL_Inputs",11149,"Parametric","",***,180,"nA",-1,0,-0.0119048,0.109109,84,0,0,0.00932083,***
"IIL_Inputs","IIL_Inputs",11249,"Parametric","",***,180,"nA",-1,0,-0.130952,0.339374,84,0,0,0.00932083,***
"IIL_Inputs","IIL_Inputs",11349,"Parametric","",***,180,"nA",-1,0,-0.107143,0.311152,84,0,0,0.00932083,***
"IIL_Inputs","IIL_Inputs",11449,"Parametric","",***,180,"nA",-1,0,-0.261905,0.442312,84,0,0,0.00932083,***
"IIL_Inputs","IIL_Inputs",11549,"Parametric","",***,180,"nA",-1,0,-0.0833333,0.278045,84,0,0,0.00932083,***
"IIL_Inputs","IIL_Inputs",11649,"Parametric","",***,180,"nA",-1,1,-0.142857,0.384735,84,0,0,0.00932083,***
"IIL_Inputs","IIL_Inputs",11749,"Parametric","",***,180,"nA",-1,0,-0.0833333,0.278045,84,0,0,0.00932083,***
"IIL_Inputs","IIL_Inputs",11849,"Parametric","",***,180,"nA",0,0,0,0,84,0,0,0.00932083,***
"IIL_Inputs","IIL_Inputs",11949,"Parametric","",***,180,"nA",-1,0,-0.0119048,0.109109,84,0,0,0.00932083,***
"IIL_Inputs","IIL_Inputs",12049,"Parametric","",***,180,"nA",-1,0,-0.166667,0.374916,84,0,0,0.00932083,***
"IIL_Inputs","IIL_Inputs",12149,"Parametric","",***,180,"nA",0,0,0,0,84,0,0,0.00932083,***
"IIL_Inputs","IIL_Inputs",12249,"Parametric","",***,180,"nA",-1,0,-0.0119048,0.109109,84,0,0,0.00932083,***
"IIL_Inputs","IIL_Inputs",12349,"Parametric","",***,180,"nA",0,0,0,0,84,0,0,0.00932083,***
"IIL_Inputs","IIL_Inputs",12449,"Parametric","",***,180,"nA",0,0,0,0,84,0,0,0.00932083,***
"IIL_Inputs","IIL_Inputs",12549,"Parametric","",***,180,"nA",-1,1,-0.047619,0.377205,84,0,0,0.00932083,***
"IIL_Inputs","IIL_Inputs",12649,"Parametric","",***,180,"nA",-1,0,-0.214286,0.41279,84,0,0,0.00932083,***
"IIL_Inputs","IIL_Inputs",12749,"Parametric","",***,180,"nA",0,0,0,0,84,0,0,0.00932083,***
"IIL_Inputs","IIL_Inputs",12849,"Parametric","",***,180,"nA",-1,0,-0.0833333,0.278045,84,0,0,0.00932083,***
"IIL_Inputs","IIL_Inputs",12949,"Parametric","",***,180,"nA",-1,0,-0.0238095,0.153371,84,0,0,0.00932083,***
"IIL_Inputs","IIL_Inputs",13049,"Parametric","",***,180,"nA",-1,0,-0.214286,0.41279,84,0,0,0.00932083,***
"IIL_Inputs","IIL_Inputs",13149,"Parametric","",***,180,"nA",-1,0,-0.27381,0.448591,84,0,0,0.00932083,***
"IIL_Inputs","IIL_Inputs",13249,"Parametric","",***,180,"nA",-1,0,-0.202381,0.404188,84,0,0,0.00932083,***
"IOZ_P_GND","IOZ_P_GND",52,"Parametric","",-3000,3000,"nA",-14,-5,-9.10714,2.23886,84,0,0,0.0024954,***
"IOZ_P_GND","IOZ_P_GND",53,"Parametric","",-3000,3000,"nA",-12,-6,-8.77381,1.45909,84,0,0,0.0024954,***
"IOZ_P_GND","IOZ_P_GND",54,"Parametric","",-3000,3000,"nA",-15,-6,-10.869,2.20503,84,0,0,0.0024954,***
"IOZ_P_GND","IOZ_P_GND",55,"Parametric","",-3000,3000,"nA",-14,-3,-10.5952,2.68471,84,0,0,0.0024954,***
"IOZ_P_VDD","IOZ_P_VDD",10052,"Parametric","",-3000,3000,"nA",-10,0,-4.70238,2.17754,84,0,0,0.0024814,***
"IOZ_P_VDD","IOZ_P_VDD",10053,"Parametric","",-3000,3000,"nA",-8,-1,-4.63095,1.5271,84,0,0,0.0024814,***
"IOZ_P_VDD","IOZ_P_VDD",10054,"Parametric","",-3000,3000,"nA",-10,-2,-6.54762,2.07338,84,0,0,0.0024814,***
"IOZ_P_VDD","IOZ_P_VDD",10055,"Parametric","",-3000,3000,"nA",-10,0,-5.94048,2.58052,84,0,0,0.0024814,***
"IOZ_N_VDD","IOZ_N_VDD",20052,"Parametric","",-3000,3000,"nA",-8,-1,-5.14286,1.56884,84,0,0,0.00249167,***
"IOZ_N_VDD","IOZ_N_VDD",20053,"Parametric","",-3000,3000,"nA",-8,-2,-4.90476,1.44472,84,0,0,0.00249167,***
"IOZ_N_VDD","IOZ_N_VDD",20054,"Parametric","",-3000,3000,"nA",-11,-3,-6.66667,1.98993,84,0,0,0.00249167,***
"IOZ_N_VDD","IOZ_N_VDD",20055,"Parametric","",-3000,3000,"nA",-9,0,-5.97619,2.42465,84,0,0,0.00249167,***
"IOZ_N_GND","IOZ_N_GND",30052,"Parametric","",-3000,3000,"nA",-13,-6,-9.32143,1.72969,84,0,0,0.0025168,***
"IOZ_N_GND","IOZ_N_GND",30053,"Parametric","",-3000,3000,"nA",-12,-7,-9.22619,1.42568,84,0,0,0.0025168,***
"IOZ_N_GND","IOZ_N_GND",30054,"Parametric","",-3000,3000,"nA",-15,-8,-10.8571,2.07186,84,0,0,0.0025168,***
"IOZ_N_GND","IOZ_N_GND",30055,"Parametric","",-3000,3000,"nA",-15,-4,-10.4048,2.74243,84,0,0,0.0025168,***
"ICC_shutdown_Vdd_LS1l_VDD","ICC_shutdown_Vdd_LS1l_VDD",57000001,"Parametric","",***,9500,"nA",76.349,188.676,112.098,26.3341,84,0,0,0.158323,***
"ICC_shutdown_Vdd_LS1l_VDDP","ICC_shutdown_Vdd_LS1l_VDDP",57010001,"Parametric","",***,9500,"nA",43.016,176.184,94.7557,30.5695,84,0,0,0.0160311,***
"ICC_shutdown_Vdd_LS1l_VDDP","ICC_shutdown_Vdd_LS1l_VDDP",57010101,"Parametric","",***,9500,"nA",7.011,117.941,59.517,25.2057,84,0,0,0.0160311,***
"ICC_shutdown_Vdd_LS1l_VDDP","ICC_shutdown_Vdd_LS1l_VDDP",57010201,"Parametric","",***,9500,"nA",20.728,120.671,63.5245,23.2431,84,0,0,0.0160311,***
"ICC_shutdown_Vdd_LS1l_VDDP","ICC_shutdown_Vdd_LS1l_VDDP",57010301,"Parametric","",***,9500,"nA",128.818,375.943,217.797,69.4697,84,0,0,0.0160311,***
"ICC_shutdn_Vdd_LS1f_VDD","ICC_shutdn_Vdd_LS1f_VDD",57020001,"Parametric","",***,9500,"nA",57.528,152.971,102.156,24.7447,84,0,0,0.0148649,***
"ICC_shutdn_Vdd_LS1f_VDDP","ICC_shutdn_Vdd_LS1f_VDDP",57030001,"Parametric","",***,9500,"nA",26.103,154.797,86.179,28.7185,84,0,0,0.0160137,***
"ICC_shutdn_Vdd_LS1f_VDDP","ICC_shutdn_Vdd_LS1f_VDDP",57030101,"Parametric","",***,9500,"nA",19.464,115.491,54.4623,22.8801,84,0,0,0.0160137,***
"ICC_shutdn_Vdd_LS1f_VDDP","ICC_shutdn_Vdd_LS1f_VDDP",57030201,"Parametric","",***,9500,"nA",22.22,132.094,58.6317,21.2102,84,0,0,0.0160137,***
"ICC_shutdn_Vdd_LS1f_VDDP","ICC_shutdn_Vdd_LS1f_VDDP",57030301,"Parametric","",***,9500,"nA",112.382,371.124,199.273,62.2688,84,0,0,0.0160137,***
"ICC_shutdn_Vdd_LS1h_VDD","ICC_shutdn_Vdd_LS1h_VDD",57040001,"Parametric","",***,9500,"nA",54.995,152.401,96.078,22.5517,84,0,0,0.0148537,***
"ICC_shutdn_Vdd_LS1h_VDDP","ICC_shutdn_Vdd_LS1h_VDDP",57050001,"Parametric","",***,9500,"nA",39.476,156.778,80.4736,24.6878,84,0,0,0.0160198,***
"ICC_shutdn_Vdd_LS1h_VDDP","ICC_shutdn_Vdd_LS1h_VDDP",57050101,"Parametric","",***,9500,"nA",14.209,97.502,47.6066,19.4956,84,0,0,0.0160198,***
"ICC_shutdn_Vdd_LS1h_VDDP","ICC_shutdn_Vdd_LS1h_VDDP",57050201,"Parametric","",***,9500,"nA",17.036,97.854,52.0416,18.6707,84,0,0,0.0160198,***
"ICC_shutdn_Vdd_LS1h_VDDP","ICC_shutdn_Vdd_LS1h_VDDP",57050301,"Parametric","",***,9500,"nA",103.126,319.446,180.122,53.108,84,0,0,0.0160198,***
"ICC_shutdown_0V_LS1l_VDD","ICC_shutdown_0V_LS1l_VDD",41000001,"Parametric","",***,9500,"nA",47.726,141.796,89.321,20.6212,84,0,0,0.0143338,***
"ICC_shutdown_0V_LS1l_VDDP","ICC_shutdown_0V_LS1l_VDDP",41010001,"Parametric","",***,9500,"nA",23.957,147.272,76.3089,25.392,84,0,0,0.0154944,***
"ICC_shutdown_0V_LS1l_VDDP","ICC_shutdown_0V_LS1l_VDDP",41010101,"Parametric","",***,9500,"nA",10.122,87.544,43.0965,18.3056,84,0,0,0.0154944,***
"ICC_shutdown_0V_LS1l_VDDP","ICC_shutdown_0V_LS1l_VDDP",41010201,"Parametric","",***,9500,"nA",4.716,89.208,47.643,19.1535,84,0,0,0.0154944,***
"ICC_shutdown_0V_LS1l_VDDP","ICC_shutdown_0V_LS1l_VDDP",41010301,"Parametric","",***,9500,"nA",86.528,300.475,167.048,52.6003,84,0,0,0.0154944,***
"ICC_shutdn_0V_LS1f_VDD","ICC_shutdn_0V_LS1f_VDD",41020001,"Parametric","",***,9500,"nA",42.629,144.948,85.902,20.494,84,0,0,0.0143324,***
"ICC_shutdn_0V_LS1f_VDDP","ICC_shutdn_0V_LS1f_VDDP",41030001,"Parametric","",***,9500,"nA",30.603,146.48,74.5232,23.6656,84,0,0,0.0155007,***
"ICC_shutdn_0V_LS1f_VDDP","ICC_shutdn_0V_LS1f_VDDP",41030101,"Parametric","",***,9500,"nA",-0.463,81.913,40.9672,16.4939,84,0,0,0.0155007,***
"ICC_shutdn_0V_LS1f_VDDP","ICC_shutdn_0V_LS1f_VDDP",41030201,"Parametric","",***,9500,"nA",-2.649,95.503,45.3227,17.3858,84,0,0,0.0155007,***
"ICC_shutdn_0V_LS1f_VDDP","ICC_shutdn_0V_LS1f_VDDP",41030301,"Parametric","",***,9500,"nA",95.244,290.211,160.813,45.145,84,0,0,0.0155007,***
"ICC_shutdn_0V_LS1h_VDD","ICC_shutdn_0V_LS1h_VDD",41040001,"Parametric","",***,9500,"nA",32.043,139.433,79.1214,19.2578,84,0,0,0.0148556,***
"ICC_shutdn_0V_LS1h_VDDP","ICC_shutdn_0V_LS1h_VDDP",41050001,"Parametric","",***,9500,"nA",30.996,142.916,71.8654,25.4041,84,0,0,0.0160224,***
"ICC_shutdn_0V_LS1h_VDDP","ICC_shutdn_0V_LS1h_VDDP",41050101,"Parametric","",***,9500,"nA",-10.635,76.827,36.4434,17.5902,84,0,0,0.0160224,***
"ICC_shutdn_0V_LS1h_VDDP","ICC_shutdn_0V_LS1h_VDDP",41050201,"Parametric","",***,9500,"nA",8.159,84.478,42.3191,17.7579,84,0,0,0.0160224,***
"ICC_shutdn_0V_LS1h_VDDP","ICC_shutdn_0V_LS1h_VDDP",41050301,"Parametric","",***,9500,"nA",58.922,284.675,150.628,49.0136,84,0,0,0.0160224,***
"ICC_stdby_Vdd_LS1l_VDD","ICC_stdby_Vdd_LS1l_VDD",60000001,"Parametric","",***,9500,"nA",43.813,135.887,84.8845,22.5823,84,0,0,0.0148474,***
"ICC_stdby_Vdd_LS1l_VDDP","ICC_stdby_Vdd_LS1l_VDDP",60010001,"Parametric","",***,9500,"nA",17.844,138.163,69.497,25.0674,84,0,0,0.0160106,***
"ICC_stdby_Vdd_LS1l_VDDP","ICC_stdby_Vdd_LS1l_VDDP",60010101,"Parametric","",***,9500,"nA",8.161,82.719,37.1744,16.4643,84,0,0,0.0160106,***
"ICC_stdby_Vdd_LS1l_VDDP","ICC_stdby_Vdd_LS1l_VDDP",60010201,"Parametric","",***,9500,"nA",9.983,79.853,41.4107,15.0817,84,0,0,0.0160106,***
"ICC_stdby_Vdd_LS1l_VDDP","ICC_stdby_Vdd_LS1l_VDDP",60010301,"Parametric","",***,9500,"nA",71.25,282.708,148.082,46.0534,84,0,0,0.0160106,***
"ICC_stdby_Vdd_LS1f_VDD","ICC_stdby_Vdd_LS1f_VDD",60020001,"Parametric","",***,9500,"nA",52.469,124.857,80.1856,17.9152,84,0,0,0.0143322,***
"ICC_stdby_Vdd_LS1f_VDDP","ICC_stdby_Vdd_LS1f_VDDP",60030001,"Parametric","",***,9500,"nA",25.538,131.826,68.268,24.2015,84,0,0,0.0154952,***
"ICC_stdby_Vdd_LS1f_VDDP","ICC_stdby_Vdd_LS1f_VDDP",60030101,"Parametric","",***,9500,"nA",-0.243,69.726,31.6979,15.3973,84,0,0,0.0154952,***
"ICC_stdby_Vdd_LS1f_VDDP","ICC_stdby_Vdd_LS1f_VDDP",60030201,"Parametric","",***,9500,"nA",2.649,100.942,38.1648,18.9718,84,0,0,0.0154952,***
"ICC_stdby_Vdd_LS1f_VDDP","ICC_stdby_Vdd_LS1f_VDDP",60030301,"Parametric","",***,9500,"nA",60.63,262.139,138.131,47.3465,84,0,0,0.0154952,***
"ICC_stdby_Vdd_LS1h_VDD","ICC_stdby_Vdd_LS1h_VDD",60040001,"Parametric","",***,9500,"nA",44.489,133.926,80.235,19.3799,84,0,0,0.0143313,***
"ICC_stdby_Vdd_LS1h_VDDP","ICC_stdby_Vdd_LS1h_VDDP",60050001,"Parametric","",***,9500,"nA",30.688,127.865,67.5539,22.757,84,0,0,0.0154904,***
"ICC_stdby_Vdd_LS1h_VDDP","ICC_stdby_Vdd_LS1h_VDDP",60050101,"Parametric","",***,9500,"nA",-7.52,72.847,31.5226,16.032,84,0,0,0.0154904,***
"ICC_stdby_Vdd_LS1h_VDDP","ICC_stdby_Vdd_LS1h_VDDP",60050201,"Parametric","",***,9500,"nA",2.483,81.826,39.5575,14.7583,84,0,0,0.0154904,***
"ICC_stdby_Vdd_LS1h_VDDP","ICC_stdby_Vdd_LS1h_VDDP",60050301,"Parametric","",***,9500,"nA",76.895,245.554,138.634,37.8481,84,0,0,0.0154904,***
"ICC_stdby_0V_LS1l_VDD","ICC_stdby_0V_LS1l_VDD",89000001,"Parametric","",***,9500,"nA",38.698,145.342,76.316,19.4224,84,0,0,0.0148518,***
"ICC_stdby_0V_LS1l_VDDP","ICC_stdby_0V_LS1l_VDDP",89010001,"Parametric","",***,9500,"nA",32.003,125.885,64.4178,23.1638,84,0,0,0.0160052,***
"ICC_stdby_0V_LS1l_VDDP","ICC_stdby_0V_LS1l_VDDP",89010101,"Parametric","",***,9500,"nA",-2.759,63.797,31.0114,15.2756,84,0,0,0.0160052,***
"ICC_stdby_0V_LS1l_VDDP","ICC_stdby_0V_LS1l_VDDP",89010201,"Parametric","",***,9500,"nA",8.157,68.603,35.6787,13.9369,84,0,0,0.0160052,***
"ICC_stdby_0V_LS1l_VDDP","ICC_stdby_0V_LS1l_VDDP",89010301,"Parametric","",***,9500,"nA",59.725,223.01,131.108,36.8275,84,0,0,0.0160052,***
"ICC_stdby_0V_LS1f_VDD","ICC_stdby_0V_LS1f_VDD",89020001,"Parametric","",***,9500,"nA",34.612,123.281,74.69,18.5588,84,0,0,0.0148466,***
"ICC_stdby_0V_LS1f_VDDP","ICC_stdby_0V_LS1f_VDDP",89030001,"Parametric","",***,9500,"nA",30.037,146.084,65.4865,22.63,84,0,0,0.0159996,***
"ICC_stdby_0V_LS1f_VDDP","ICC_stdby_0V_LS1f_VDDP",89030101,"Parametric","",***,9500,"nA",-8.889,65.886,30.5132,14.4794,84,0,0,0.0159996,***
"ICC_stdby_0V_LS1f_VDDP","ICC_stdby_0V_LS1f_VDDP",89030201,"Parametric","",***,9500,"nA",6.605,64.852,34.6013,12.9403,84,0,0,0.0159996,***
"ICC_stdby_0V_LS1f_VDDP","ICC_stdby_0V_LS1f_VDDP",89030301,"Parametric","",***,9500,"nA",65.146,255.877,130.601,36.5018,84,0,0,0.0159996,***
"ICC_stdby_0V_LS1h_VDD","ICC_stdby_0V_LS1h_VDD",89040001,"Parametric","",***,9500,"nA",31.223,116.19,72.5315,16.7649,84,0,0,0.0148486,***
"ICC_stdby_0V_LS1h_VDDP","ICC_stdby_0V_LS1h_VDDP",89050001,"Parametric","",***,9500,"nA",28.305,142.52,62.4438,24.3294,84,0,0,0.0160615,***
"ICC_stdby_0V_LS1h_VDDP","ICC_stdby_0V_LS1h_VDDP",89050101,"Parametric","",***,9500,"nA",-8.889,65.097,30.3132,15.2378,84,0,0,0.0160615,***
"ICC_stdby_0V_LS1h_VDDP","ICC_stdby_0V_LS1h_VDDP",89050201,"Parametric","",***,9500,"nA",2.483,78.191,36.4725,15.4192,84,0,0,0.0160615,***
"ICC_stdby_0V_LS1h_VDDP","ICC_stdby_0V_LS1h_VDDP",89050301,"Parametric","",***,9500,"nA",50.116,244.36,129.229,40.6126,84,0,0,0.0160615,***
"ICC_MAX_TOTAL_1CH_pwr","ICC_MAX_TOTAL_1CH_pwr",39015001,"Parametric","",6.5e-05,18.3,"mA",17.1992,17.7909,17.5235,0.176367,84,0,0,0.00489768,***
"ICC_MAX_TOTAL_1CH_pwr","LVDS301_ICC_pll",39015001,"Parametric","",1,1,"mA",1,1,1,0,84,0,0,0.00489768,***
"ICC_MAX_TOTAL_2CH_pwr","ICC_MAX_TOTAL_2CH_pwr",15000001,"Parametric","",0.2,***,"mA",3.32033,3.52184,3.41144,0.070303,84,0,0,0.00442855,***
"ICC_MAX_TOTAL_2CH_pwr","ICC_MAX_TOTAL_2CH_pwr",15000101,"Parametric","",0.2,***,"mA",4.54458,4.92202,4.7528,0.0990802,84,0,0,0.00442855,***
"ICC_MAX_TOTAL_2CH_pwr","ICC_MAX_TOTAL_2CH_pwr",15000201,"Parametric","",0.2,***,"mA",2.8493,2.94076,2.88481,0.0223981,84,0,0,0.00442855,***
"ICC_MAX_TOTAL_2CH_pwr","ICC_MAX_TOTAL_2CH_pwr",15000301,"Parametric","",0.2,***,"mA",9.83314,10.1694,10.0158,0.0870385,84,0,0,0.00442855,***
"ICC_MAX_TOTAL_2CH_pwr","ICC_MAX_TOTAL_2CH_pwr",15000401,"Parametric","",0.2,***,"mA",17.4208,17.8349,17.6534,0.139035,84,0,0,0.00442855,***
"ICC_MAX_TOTAL_2CH_pwr","ICC_MAX_TOTAL_2CH_pwr_ALL_POWER",15015001,"Parametric","",0.2,25.3,"mA",22.7835,23.2372,23.0649,0.119345,84,0,0,0.00442855,***
"ICC_MAX_TOTAL_2CH_pwr","LVDS301_ICC_pll",15000301,"Parametric","",1,1,"mA",1,1,1,0,84,0,0,0.00442855,***
"ICC_MAX_TOTAL_3CH_pwr","ICC_MAX_TOTAL_3CH_pwr",13000001,"Parametric","",1,***,"mA",6.4094,6.80296,6.54748,0.119282,84,0,0,0.00434636,***
"ICC_MAX_TOTAL_3CH_pwr","ICC_MAX_TOTAL_3CH_pwr",13000101,"Parametric","",1,***,"mA",3.99616,4.25328,4.11693,0.0793974,84,0,0,0.00434636,***
"ICC_MAX_TOTAL_3CH_pwr","ICC_MAX_TOTAL_3CH_pwr",13000201,"Parametric","",1,***,"mA",4.0798,4.19925,4.12052,0.0325475,84,0,0,0.00434636,***
"ICC_MAX_TOTAL_3CH_pwr","ICC_MAX_TOTAL_3CH_pwr",13000301,"Parametric","",1,***,"mA",13.1968,13.579,13.3875,0.122164,84,0,0,0.00434636,***
"ICC_MAX_TOTAL_3CH_pwr","ICC_MAX_TOTAL_3CH_pwr",13000401,"Parametric","",1,***,"mA",21.2911,21.805,21.625,0.160864,84,0,0,0.00434636,***
"ICC_MAX_TOTAL_3CH_pwr","ICC_MAX_TOTAL_3CH_pwr_ALL_POWER",13015001,"Parametric","",6.5e-06,37.8,"mA",32.214,33.1079,32.6725,0.225489,84,0,0,0.00434636,***
"ICC_MAX_TOTAL_3CH_pwr","LVDS301_ICC_pll",13000301,"Parametric","",1,1,"mA",1,1,1,0,84,0,0,0.00434636,***
"ICC_shutdown_Vdd","ICC_shutdown_Vdd",23000001,"Parametric","",***,9500,"nA",40.669,114.614,73.5301,16.7969,84,0,0,0.0185414,***
"ICC_shutdown_Vdd","ICC_shutdown_Vdd",23000101,"Parametric","",***,9500,"nA",21.384,143.708,61.811,23.2833,84,0,0,0.0185414,***
"ICC_shutdown_Vdd","ICC_shutdown_Vdd",23000201,"Parametric","",***,9500,"nA",5.511,57.272,28.1991,13.062,84,0,0,0.0185414,***
"ICC_shutdown_Vdd","ICC_shutdown_Vdd",23000301,"Parametric","",***,9500,"nA",1.471,79.53,34.7797,14.1792,84,0,0,0.0185414,***
"ICC_shutdown_Vdd","ICC_shutdown_Vdd",23000401,"Parametric","",***,9500,"nA",39.385,274.421,124.79,37.613,84,0,0,0.0185414,***
"ICC_shutdown_Vdd","LVDS301_ICC_pll",23000301,"Parametric","",1,1,"nA",1,1,1,0,84,0,0,0.0185414,***
"ICC_shutdn_0V","ICC_shutdn_0V",23010001,"Parametric","",***,9500,"nA",33.219,107.339,71.313,15.2783,84,0,0,0.0167754,***
"ICC_shutdn_0V","ICC_shutdn_0V",23010101,"Parametric","",***,9500,"nA",20.99,129.054,61.8575,23.0571,84,0,0,0.0167754,***
"ICC_shutdn_0V","ICC_shutdn_0V",23010201,"Parametric","",***,9500,"nA",-1.592,62.818,26.9218,14.1654,84,0,0,0.0167754,***
"ICC_shutdn_0V","ICC_shutdn_0V",23010301,"Parametric","",***,9500,"nA",2.088,79.372,34.5758,14.058,84,0,0,0.0167754,***
"ICC_shutdn_0V","ICC_shutdn_0V",23010401,"Parametric","",***,9500,"nA",51.016,222.258,123.355,38.6306,84,0,0,0.0167754,***
"ICC_stdby_Vdd","ICC_stdby_Vdd",23020001,"Parametric","",***,9500,"nA",36.748,126.826,73.2922,16.7824,84,0,0,0.0167687,***
"ICC_stdby_Vdd","ICC_stdby_Vdd",23020101,"Parametric","",***,9500,"nA",16.664,120.34,60.6575,22.4556,84,0,0,0.0167687,***
"ICC_stdby_Vdd","ICC_stdby_Vdd",23020201,"Parametric","",***,9500,"nA",-3.96,65.042,27.5201,14.3305,84,0,0,0.0167687,***
"ICC_stdby_Vdd","ICC_stdby_Vdd",23020301,"Parametric","",***,9500,"nA",2.674,58.125,31.9123,13.0295,84,0,0,0.0167687,***
"ICC_stdby_Vdd","ICC_stdby_Vdd",23020401,"Parametric","",***,9500,"nA",58.18,210.753,120.09,32.7126,84,0,0,0.0167687,***
"ICC_stdby_0V","ICC_stdby_0V",23030001,"Parametric","",***,9500,"nA",35.964,111.707,70.3868,16.0523,84,0,0,0.0172884,***
"ICC_stdby_0V","ICC_stdby_0V",23030101,"Parametric","",***,9500,"nA",25.49,126.677,60.6162,22.3142,84,0,0,0.0172884,***
"ICC_stdby_0V","ICC_stdby_0V",23030201,"Parametric","",***,9500,"nA",-15.544,60.796,26.0657,14.1289,84,0,0,0.0172884,***
"ICC_stdby_0V","ICC_stdby_0V",23030301,"Parametric","",***,9500,"nA",7.391,68.742,32.1799,12.5045,84,0,0,0.00330146,***
"ICC_stdby_0V","ICC_stdby_0V",23030401,"Parametric","",***,9500,"nA",61.305,227.004,118.862,34.094,84,0,0,0.0172884,***
"PRBS_1ch","L301_PRBS_30b_00X00_tdl_NR2",23030301,"Parametric","",1,1,"nA",1,1,1,0,84,0,0,0.00330146,***
"Func_2CH","L301_PRBS_15b_00X00_tdl_NR",23030301,"Parametric","",1,1,"nA",1,1,1,0,84,0,0,0.00330146,***
"Func_3CH","L301_PRBS_10b_00X00_tdl_NR",23030301,"Parametric","",1,1,"nA",1,1,1,0,84,0,0,0.00330146,***
"t_pwrup_GNG","LVDS301_ICC_pll",23030301,"Parametric","",1,1,"nA",1,1,1,0,84,0,0,0.00330146,***
"t_wkup_GNG","LVDS301_ICC_pll",23030301,"Parametric","",1,1,"nA",1,1,1,0,84,0,0,0.00330146,***
"tGS_GNG","LVDS301_ICC_pll",23030301,"Parametric","",1,1,"nA",1,1,1,0,84,0,0,0.00330146,***
"t_pwrdn_GNG","LVDS301_ICC_pll",23030301,"Parametric","",1,1,"nA",1,1,1,0,84,0,0,0.00330146,***
"t_sleep_GNG","LVDS301_ICC_pll",23030301,"Parametric","",1,1,"nA",1,1,1,0,84,0,0,0.00330146,***
"ZOUT_AllOutputs_Post","ZOUT_AllOutputs_Post",180000001,"Parametric","",144,256,"Ohm",214.82,217.918,216.252,0.954505,84,0,0,0.00211606,***
"ZOUT_AllOutputs_Post","ZOUT_AllOutputs_Post",180000002,"Parametric","",144,256,"Ohm",214.828,217.64,216.236,0.791477,84,0,0,0.00211606,***
"ZOUT_AllOutputs_Post","ZOUT_AllOutputs_Post",180000003,"Parametric","",144,256,"Ohm",214.493,217.42,215.684,0.905777,84,0,0,0.00211606,***
"ZOUT_AllOutputs_Post","ZOUT_AllOutputs_Post",180000004,"Parametric","",144,256,"Ohm",214.56,216.621,215.467,0.707815,84,0,0,0.00211606,***
"IIH_Inputs_Post","IIH_Inputs_Post",4049,"Parametric","",***,180,"nA",0,1,0.988095,0.109109,84,0,0,0.00945745,***
"IIH_Inputs_Post","IIH_Inputs_Post",4149,"Parametric","",***,180,"nA",0,1,0.964286,0.186691,84,0,0,0.00945745,***
"IIH_Inputs_Post","IIH_Inputs_Post",4249,"Parametric","",***,180,"nA",0,1,0.880952,0.32579,84,0,0,0.00945745,***
"IIH_Inputs_Post","IIH_Inputs_Post",4349,"Parametric","",***,180,"nA",1,1,1,0,84,0,0,0.00945745,***
"IIH_Inputs_Post","IIH_Inputs_Post",4449,"Parametric","",***,180,"nA",0,1,0.869048,0.339374,84,0,0,0.00945745,***
"IIH_Inputs_Post","IIH_Inputs_Post",4549,"Parametric","",***,180,"nA",1,1,1,0,84,0,0,0.00945745,***
"IIH_Inputs_Post","IIH_Inputs_Post",4649,"Parametric","",***,180,"nA",1,2,1.04762,0.214238,84,0,0,0.00945745,***
"IIH_Inputs_Post","IIH_Inputs_Post",4749,"Parametric","",***,180,"nA",-2,1,0.654762,0.813945,84,0,0,0.00945745,***
"IIH_Inputs_Post","IIH_Inputs_Post",4849,"Parametric","",***,180,"nA",0,2,1.02381,0.218218,84,0,0,0.00945745,***
"IIH_Inputs_Post","IIH_Inputs_Post",4949,"Parametric","",***,180,"nA",0,1,0.952381,0.214238,84,0,0,0.00945745,***
"IIH_Inputs_Post","IIH_Inputs_Post",5049,"Parametric","",***,180,"nA",0,2,0.809524,0.451935,84,0,0,0.00945745,***
"IIH_Inputs_Post","IIH_Inputs_Post",5149,"Parametric","",***,180,"nA",1,1,1,0,84,0,0,0.00945745,***
"IIH_Inputs_Post","IIH_Inputs_Post",5249,"Parametric","",***,180,"nA",0,1,0.940476,0.238024,84,0,0,0.00945745,***
"IIH_Inputs_Post","IIH_Inputs_Post",5349,"Parametric","",***,180,"nA",0,1,0.857143,0.352029,84,0,0,0.00945745,***
"IIH_Inputs_Post","IIH_Inputs_Post",5449,"Parametric","",***,180,"nA",0,1,0.690476,0.465074,84,0,0,0.00945745,***
"IIH_Inputs_Post","IIH_Inputs_Post",5549,"Parametric","",***,180,"nA",0,1,0.738095,0.442312,84,0,0,0.00945745,***
"IIH_Inputs_Post","IIH_Inputs_Post",5649,"Parametric","",***,180,"nA",0,2,0.857143,0.384735,84,0,0,0.00945745,***
"IIH_Inputs_Post","IIH_Inputs_Post",5749,"Parametric","",***,180,"nA",0,1,0.892857,0.311152,84,0,0,0.00945745,***
"IIH_Inputs_Post","IIH_Inputs_Post",5849,"Parametric","",***,180,"nA",1,2,1.02381,0.153371,84,0,0,0.00945745,***
"IIH_Inputs_Post","IIH_Inputs_Post",5949,"Parametric","",***,180,"nA",0,1,0.940476,0.238024,84,0,0,0.00945745,***
"IIH_Inputs_Post","IIH_Inputs_Post",6049,"Parametric","",***,180,"nA",0,1,0.845238,0.36385,84,0,0,0.00945745,***
"IIH_Inputs_Post","IIH_Inputs_Post",6149,"Parametric","",***,180,"nA",1,2,1.03571,0.186691,84,0,0,0.00945745,***
"IIH_Inputs_Post","IIH_Inputs_Post",6249,"Parametric","",***,180,"nA",0,2,1.0119,0.452411,84,0,0,0.00945745,***
"IIH_Inputs_Post","IIH_Inputs_Post",6349,"Parametric","",***,180,"nA",0,1,0.857143,0.352029,84,0,0,0.00945745,***
"IIH_Inputs_Post","IIH_Inputs_Post",6449,"Parametric","",***,180,"nA",0,1,0.916667,0.278045,84,0,0,0.00945745,***
"IIH_Inputs_Post","IIH_Inputs_Post",6549,"Parametric","",***,180,"nA",0,2,0.988095,0.50286,84,0,0,0.00945745,***
"IIH_Inputs_Post","IIH_Inputs_Post",6649,"Parametric","",***,180,"nA",0,1,0.77381,0.420877,84,0,0,0.00945745,***
"IIH_Inputs_Post","IIH_Inputs_Post",6749,"Parametric","",***,180,"nA",0,1,0.892857,0.311152,84,0,0,0.00945745,***
"IIH_Inputs_Post","IIH_Inputs_Post",6849,"Parametric","",***,180,"nA",0,1,0.904762,0.295307,84,0,0,0.00945745,***
"IIH_Inputs_Post","IIH_Inputs_Post",6949,"Parametric","",***,180,"nA",0,1,0.988095,0.109109,84,0,0,0.00945745,***
"IIH_Inputs_Post","IIH_Inputs_Post",7049,"Parametric","",***,180,"nA",0,1,0.904762,0.295307,84,0,0,0.00945745,***
"IIH_Inputs_Post","IIH_Inputs_Post",7149,"Parametric","",***,180,"nA",0,1,0.72619,0.448591,84,0,0,0.00945745,***
"IIH_Inputs_Post","IIH_Inputs_Post",7249,"Parametric","",***,180,"nA",0,2,0.964286,0.525183,84,0,0,0.00945745,***
"IIL_Inputs_Post","IIL_Inputs_Post",14049,"Parametric","",***,180,"nA",-1,0,-0.119048,0.32579,84,0,0,0.00935686,***
"IIL_Inputs_Post","IIL_Inputs_Post",14149,"Parametric","",***,180,"nA",-1,0,-0.130952,0.339374,84,0,0,0.00935686,***
"IIL_Inputs_Post","IIL_Inputs_Post",14249,"Parametric","",***,180,"nA",-1,0,-0.202381,0.404188,84,0,0,0.00935686,***
"IIL_Inputs_Post","IIL_Inputs_Post",14349,"Parametric","",***,180,"nA",0,0,0,0,84,0,0,0.00935686,***
"IIL_Inputs_Post","IIL_Inputs_Post",14449,"Parametric","",***,180,"nA",-1,0,-0.166667,0.374916,84,0,0,0.00935686,***
"IIL_Inputs_Post","IIL_Inputs_Post",14549,"Parametric","",***,180,"nA",0,0,0,0,84,0,0,0.00935686,***
"IIL_Inputs_Post","IIL_Inputs_Post",14649,"Parametric","",***,180,"nA",0,0,0,0,84,0,0,0.00935686,***
"IIL_Inputs_Post","IIL_Inputs_Post",14749,"Parametric","",***,180,"nA",-3,0,-0.321429,0.778641,84,0,0,0.00935686,***
"IIL_Inputs_Post","IIL_Inputs_Post",14849,"Parametric","",***,180,"nA",-1,0,-0.0119048,0.109109,84,0,0,0.00935686,***
"IIL_Inputs_Post","IIL_Inputs_Post",14949,"Parametric","",***,180,"nA",-1,0,-0.178571,0.385293,84,0,0,0.00935686,***
"IIL_Inputs_Post","IIL_Inputs_Post",15049,"Parametric","",***,180,"nA",-1,0,-0.166667,0.374916,84,0,0,0.00935686,***
"IIL_Inputs_Post","IIL_Inputs_Post",15149,"Parametric","",***,180,"nA",-1,0,-0.0238095,0.153371,84,0,0,0.00935686,***
"IIL_Inputs_Post","IIL_Inputs_Post",15249,"Parametric","",***,180,"nA",-1,0,-0.142857,0.352029,84,0,0,0.00935686,***
"IIL_Inputs_Post","IIL_Inputs_Post",15349,"Parametric","",***,180,"nA",-1,0,-0.107143,0.311152,84,0,0,0.00935686,***
"IIL_Inputs_Post","IIL_Inputs_Post",15449,"Parametric","",***,180,"nA",-1,0,-0.416667,0.495968,84,0,0,0.00935686,***
"IIL_Inputs_Post","IIL_Inputs_Post",15549,"Parametric","",***,180,"nA",-1,0,-0.154762,0.36385,84,0,0,0.00935686,***
"IIL_Inputs_Post","IIL_Inputs_Post",15649,"Parametric","",***,180,"nA",-1,1,-0.22619,0.448591,84,0,0,0.00935686,***
"IIL_Inputs_Post","IIL_Inputs_Post",15749,"Parametric","",***,180,"nA",-1,0,-0.107143,0.311152,84,0,0,0.00935686,***
"IIL_Inputs_Post","IIL_Inputs_Post",15849,"Parametric","",***,180,"nA",0,0,0,0,84,0,0,0.00935686,***
"IIL_Inputs_Post","IIL_Inputs_Post",15949,"Parametric","",***,180,"nA",-1,0,-0.047619,0.214238,84,0,0,0.00935686,***
"IIL_Inputs_Post","IIL_Inputs_Post",16049,"Parametric","",***,180,"nA",-1,0,-0.261905,0.442312,84,0,0,0.00935686,***
"IIL_Inputs_Post","IIL_Inputs_Post",16149,"Parametric","",***,180,"nA",0,0,0,0,84,0,0,0.00935686,***
"IIL_Inputs_Post","IIL_Inputs_Post",16249,"Parametric","",***,180,"nA",0,0,0,0,84,0,0,0.00935686,***
"IIL_Inputs_Post","IIL_Inputs_Post",16349,"Parametric","",***,180,"nA",-1,0,-0.0238095,0.153371,84,0,0,0.00935686,***
"IIL_Inputs_Post","IIL_Inputs_Post",16449,"Parametric","",***,180,"nA",-1,0,-0.0119048,0.109109,84,0,0,0.00935686,***
"IIL_Inputs_Post","IIL_Inputs_Post",16549,"Parametric","",***,180,"nA",-1,1,-0.154762,0.395579,84,0,0,0.00935686,***
"IIL_Inputs_Post","IIL_Inputs_Post",16649,"Parametric","",***,180,"nA",-1,0,-0.297619,0.459957,84,0,0,0.00935686,***
"IIL_Inputs_Post","IIL_Inputs_Post",16749,"Parametric","",***,180,"nA",-1,0,-0.0119048,0.109109,84,0,0,0.00935686,***
"IIL_Inputs_Post","IIL_Inputs_Post",16849,"Parametric","",***,180,"nA",-1,0,-0.142857,0.352029,84,0,0,0.00935686,***
"IIL_Inputs_Post","IIL_Inputs_Post",16949,"Parametric","",***,180,"nA",-1,0,-0.0595238,0.238024,84,0,0,0.00935686,***
"IIL_Inputs_Post","IIL_Inputs_Post",17049,"Parametric","",***,180,"nA",-1,0,-0.238095,0.428476,84,0,0,0.00935686,***
"IIL_Inputs_Post","IIL_Inputs_Post",17149,"Parametric","",***,180,"nA",-1,0,-0.369048,0.485445,84,0,0,0.00935686,***
"IIL_Inputs_Post","IIL_Inputs_Post",17249,"Parametric","",***,180,"nA",-1,0,-0.25,0.435613,84,0,0,0.00935686,***
"IOZ_P_GND_Post","IOZ_P_GND_Post",100052,"Parametric","",-3000,3000,"nA",-14,-6,-9.04762,2.27562,84,0,0,0.00249211,***
"IOZ_P_GND_Post","IOZ_P_GND_Post",100053,"Parametric","",-3000,3000,"nA",-12,-5,-8.80952,1.53259,84,0,0,0.00249211,***
"IOZ_P_GND_Post","IOZ_P_GND_Post",100054,"Parametric","",-3000,3000,"nA",-15,-7,-11.1786,2.10084,84,0,0,0.00249211,***
"IOZ_P_GND_Post","IOZ_P_GND_Post",100055,"Parametric","",-3000,3000,"nA",-14,-4,-10.25,2.70152,84,0,0,0.00249211,***
"IOZ_P_VDD_Post","IOZ_P_VDD_Post",1000052,"Parametric","",-3000,3000,"nA",-10,-2,-4.83333,1.99296,84,0,0,0.00246575,***
"IOZ_P_VDD_Post","IOZ_P_VDD_Post",1000053,"Parametric","",-3000,3000,"nA",-8,-1,-4.55952,1.51579,84,0,0,0.00246575,***
"IOZ_P_VDD_Post","IOZ_P_VDD_Post",1000054,"Parametric","",-3000,3000,"nA",-11,-3,-6.65476,2.09126,84,0,0,0.00246575,***
"IOZ_P_VDD_Post","IOZ_P_VDD_Post",1000055,"Parametric","",-3000,3000,"nA",-10,-1,-6.32143,2.51818,84,0,0,0.00246575,***
"IOZ_N_VDD_Post","IOZ_N_VDD_Post",100000052,"Parametric","",-3000,3000,"nA",-9,-2,-5.04762,1.59747,84,0,0,0.00247663,***
"IOZ_N_VDD_Post","IOZ_N_VDD_Post",100000053,"Parametric","",-3000,3000,"nA",-8,-3,-4.95238,1.37888,84,0,0,0.00247663,***
"IOZ_N_VDD_Post","IOZ_N_VDD_Post",100000054,"Parametric","",-3000,3000,"nA",-11,-4,-6.46429,1.88492,84,0,0,0.00247663,***
"IOZ_N_VDD_Post","IOZ_N_VDD_Post",100000055,"Parametric","",-3000,3000,"nA",-10,0,-6.07143,2.42867,84,0,0,0.00247663,***
"IOZ_N_GND_Post","IOZ_N_GND_Post",10000052,"Parametric","",-3000,3000,"nA",-14,-6,-9.4881,1.74587,84,0,0,0.00246224,***
"IOZ_N_GND_Post","IOZ_N_GND_Post",10000053,"Parametric","",-3000,3000,"nA",-13,-7,-9.2381,1.43635,84,0,0,0.00246224,***
"IOZ_N_GND_Post","IOZ_N_GND_Post",10000054,"Parametric","",-3000,3000,"nA",-15,-8,-11.0714,2.01073,84,0,0,0.00246224,***
"IOZ_N_GND_Post","IOZ_N_GND_Post",10000055,"Parametric","",-3000,3000,"nA",-14,-4,-10.4643,2.75264,84,0,0,0.00246224,***
"DIODE_GND_Post","DIODE_GND_Post",20016,"Parametric","",-1000,-300,"mV",-450.704,-437.488,-446.244,4.91379,84,0,0,0.00789988,***
"DIODE_GND_Post","DIODE_GND_Post",20116,"Parametric","",-1000,-300,"mV",-448.888,-437.346,-445.142,4.63359,84,0,0,0.00789988,***
"DIODE_GND_Post","DIODE_GND_Post",20216,"Parametric","",-1000,-300,"mV",-449.668,-437.187,-445.485,4.91739,84,0,0,0.00789988,***
"DIODE_GND_Post","DIODE_GND_Post",20316,"Parametric","",-1000,-300,"mV",-448.088,-435.666,-444.275,4.92414,84,0,0,0.00789988,***
"DIODE_GND_Post","DIODE_GND_Post",20416,"Parametric","",-1000,-300,"mV",-448.623,-437.032,-445.016,4.53715,84,0,0,0.00789988,***
"DIODE_GND_Post","DIODE_GND_Post",20516,"Parametric","",-1000,-300,"mV",-448.292,-437.773,-444.881,4.29387,84,0,0,0.00789988,***
"DIODE_GND_Post","DIODE_GND_Post",20616,"Parametric","",-1000,-300,"mV",-449.841,-437.488,-445.545,4.82871,84,0,0,0.00789988,***
"DIODE_GND_Post","DIODE_GND_Post",20716,"Parametric","",-1000,-300,"mV",-450.471,-438.427,-446.145,4.83854,84,0,0,0.00789988,***
"DIODE_GND_Post","DIODE_GND_Post",20816,"Parametric","",-1000,-300,"mV",-451.073,-439.534,-446.946,4.56133,84,0,0,0.00789988,***
"DIODE_GND_Post","DIODE_GND_Post",20916,"Parametric","",-1000,-300,"mV",-451.3,-439.306,-447.098,4.72529,84,0,0,0.00789988,***
"DIODE_GND_Post","DIODE_GND_Post",21016,"Parametric","",-1000,-300,"mV",-447.672,-434.638,-442.769,4.80009,84,0,0,0.00789988,***
"DIODE_GND_Post","DIODE_GND_Post",21116,"Parametric","",-1000,-300,"mV",-450.447,-438.342,-446.518,4.91655,84,0,0,0.00789988,***
"DIODE_GND_Post","DIODE_GND_Post",21216,"Parametric","",-1000,-300,"mV",-450.875,-438.716,-446.509,4.81719,84,0,0,0.00789988,***
"DIODE_GND_Post","DIODE_GND_Post",21316,"Parametric","",-1000,-300,"mV",-449.406,-437.769,-445.187,4.36202,84,0,0,0.00789988,***
"DIODE_GND_Post","DIODE_GND_Post",21416,"Parametric","",-1000,-300,"mV",-448.951,-437.928,-445.202,4.31726,84,0,0,0.00789988,***
"DIODE_GND_Post","DIODE_GND_Post",21516,"Parametric","",-1000,-300,"mV",-450.873,-439.42,-446.575,4.40272,84,0,0,0.00789988,***
"DIODE_GND_Post","DIODE_GND_Post",21616,"Parametric","",-1000,-300,"mV",-451.17,-440.034,-447.423,4.35412,84,0,0,0.00789988,***
"DIODE_GND_Post","DIODE_GND_Post",21716,"Parametric","",-1000,-300,"mV",-451.669,-437.647,-446.752,5.17432,84,0,0,0.00789988,***
"DIODE_GND_Post","DIODE_GND_Post",21816,"Parametric","",-1000,-300,"mV",-448.927,-436.634,-444.819,4.73734,84,0,0,0.00789988,***
"DIODE_GND_Post","DIODE_GND_Post",21916,"Parametric","",-1000,-300,"mV",-453.113,-439.452,-448.143,5.28985,84,0,0,0.00789988,***
"DIODE_GND_Post","DIODE_GND_Post",22016,"Parametric","",-1000,-300,"mV",-454.158,-441.938,-449.396,4.80859,84,0,0,0.00789988,***
"DIODE_GND_Post","DIODE_GND_Post",22116,"Parametric","",-1000,-300,"mV",-453.442,-440.909,-448.675,4.87327,84,0,0,0.00789988,***
"DIODE_GND_Post","DIODE_GND_Post",22216,"Parametric","",-1000,-300,"mV",-452.544,-439.697,-447.876,4.962,84,0,0,0.00789988,***
"DIODE_GND_Post","DIODE_GND_Post",22316,"Parametric","",-1000,-300,"mV",-453.318,-440.539,-448.5,5.07051,84,0,0,0.00789988,***
"DIODE_GND_Post","DIODE_GND_Post",22416,"Parametric","",-1000,-300,"mV",-453.612,-439.77,-448.095,5.38197,84,0,0,0.00789988,***
"DIODE_GND_Post","DIODE_GND_Post",22516,"Parametric","",-1000,-300,"mV",-452.645,-439.814,-447.813,5.04473,84,0,0,0.00789988,***
"DIODE_GND_Post","DIODE_GND_Post",22616,"Parametric","",-1000,-300,"mV",-448.838,-436.549,-445.259,4.98649,84,0,0,0.00789988,***
"DIODE_GND_Post","DIODE_GND_Post",22716,"Parametric","",-1000,-300,"mV",-449.708,-438.883,-445.876,4.36626,84,0,0,0.00789988,***
"DIODE_GND_Post","DIODE_GND_Post",22816,"Parametric","",-1000,-300,"mV",-451.056,-440.123,-447.296,4.52348,84,0,0,0.00789988,***
"DIODE_GND_Post","DIODE_GND_Post",22916,"Parametric","",-1000,-300,"mV",-448.679,-436.748,-444.98,4.89771,84,0,0,0.00789988,***
"DIODE_GND_Post","DIODE_GND_Post",23016,"Parametric","",-1000,-300,"mV",-452.491,-439.424,-447.517,5.12167,84,0,0,0.00789988,***
"DIODE_GND_Post","DIODE_GND_Post",23116,"Parametric","",-1000,-300,"mV",-453.442,-440.249,-447.868,4.95364,84,0,0,0.00789988,***
"DIODE_GND_Post","DIODE_GND_Post",23216,"Parametric","",-1000,-300,"mV",-452.431,-440.489,-447.924,4.54033,84,0,0,0.00789988,***
"DIODE_GND_Post","DIODE_GND_Post",23316,"Parametric","",-1000,-300,"mV",-454.295,-441.307,-449.196,4.8221,84,0,0,0.00789988,***
"DIODE_GND_Post","DIODE_GND_Post",23416,"Parametric","",-1000,-300,"mV",-453.625,-439.942,-448.095,5.06471,84,0,0,0.00789988,***
"DIODE_GND_Post","DIODE_GND_Post",23516,"Parametric","",-1000,-300,"mV",-447.254,-436.058,-443.591,4.40349,84,0,0,0.00789988,***
"DIODE_GND_Post","DIODE_GND_Post",23616,"Parametric","",-1000,-300,"mV",-452.544,-439.36,-447.604,5.15978,84,0,0,0.00789988,***
"DIODE_GND_Post","DIODE_GND_Post",23716,"Parametric","",-1000,-300,"mV",-446.333,-435.796,-442.927,4.31931,84,0,0,0.00789988,***
"DIODE_GND_Post","DIODE_GND_Post",23816,"Parametric","",-1000,-300,"mV",-450.346,-437.485,-446.303,4.8618,84,0,0,0.00789988,***
"DIODE_GND_Post","DIODE_GND_Post",23916,"Parametric","",-1000,-300,"mV",-448.596,-436.52,-444.929,4.88875,84,0,0,0.00789988,***
"DIODE_GND_Post","DIODE_GND_Post",24016,"Parametric","",-1000,-300,"mV",-451.365,-438.086,-446.977,5.23574,84,0,0,0.00789988,***
"PIN2PIN_ODD_ROW_post","PIN2PIN_ODD_ROW_post",8017,"Parametric","",-1600,75,"nA",-77,-49,-58.131,10.8248,84,0,0,0.00888533,***
"PIN2PIN_ODD_ROW_post","PIN2PIN_ODD_ROW_post",8117,"Parametric","",-1600,75,"nA",-74,-49,-57.5357,10.131,84,0,0,0.00888533,***
"PIN2PIN_ODD_ROW_post","PIN2PIN_ODD_ROW_post",8217,"Parametric","",-1600,75,"nA",-75,-48,-57.119,10.4344,84,0,0,0.00888533,***
"PIN2PIN_ODD_ROW_post","PIN2PIN_ODD_ROW_post",8317,"Parametric","",-1600,75,"nA",-76,-49,-57.4286,10.9526,84,0,0,0.00888533,***
"PIN2PIN_ODD_ROW_post","PIN2PIN_ODD_ROW_post",8417,"Parametric","",-1600,75,"nA",-77,-51,-58.7619,10.4058,84,0,0,0.00888533,***
"PIN2PIN_ODD_ROW_post","PIN2PIN_ODD_ROW_post",8517,"Parametric","",-1600,75,"nA",-75,-51,-58.4048,9.99412,84,0,0,0.00888533,***
"PIN2PIN_ODD_ROW_post","PIN2PIN_ODD_ROW_post",8617,"Parametric","",-1600,75,"nA",-75,-50,-58.4881,10.5642,84,0,0,0.00888533,***
"PIN2PIN_ODD_ROW_post","PIN2PIN_ODD_ROW_post",8717,"Parametric","",-1600,75,"nA",-75,-51,-58.8214,10.4064,84,0,0,0.00888533,***
"PIN2PIN_ODD_ROW_post","PIN2PIN_ODD_ROW_post",8817,"Parametric","",-1600,75,"nA",-76,-49,-58.7381,10.5877,84,0,0,0.00888533,***
"PIN2PIN_ODD_ROW_post","PIN2PIN_ODD_ROW_post",8917,"Parametric","",-1600,75,"nA",-71,-45,-53.619,10.238,84,0,0,0.00888533,***
"PIN2PIN_ODD_ROW_post","PIN2PIN_ODD_ROW_post",9017,"Parametric","",-1600,75,"nA",-78,-50,-58.9286,10.9608,84,0,0,0.00888533,***
"PIN2PIN_ODD_ROW_post","PIN2PIN_ODD_ROW_post",9117,"Parametric","",-1600,75,"nA",-70,-45,-53.3095,10.7075,84,0,0,0.00888533,***
"PIN2PIN_ODD_ROW_post","PIN2PIN_ODD_ROW_post",9217,"Parametric","",-1600,75,"nA",-70,-45,-53.4405,9.82418,84,0,0,0.00888533,***
"PIN2PIN_ODD_ROW_post","PIN2PIN_ODD_ROW_post",9317,"Parametric","",-1600,75,"nA",-69,-45,-53.1905,9.28462,84,0,0,0.00888533,***
"PIN2PIN_ODD_ROW_post","PIN2PIN_ODD_ROW_post",9417,"Parametric","",-1600,75,"nA",-69,-46,-53.2976,9.69881,84,0,0,0.00888533,***
"PIN2PIN_ODD_ROW_post","PIN2PIN_ODD_ROW_post",9517,"Parametric","",-1600,75,"nA",-70,-45,-53.619,10.3597,84,0,0,0.00888533,***
"PIN2PIN_ODD_ROW_post","PIN2PIN_ODD_ROW_post",9617,"Parametric","",-1600,75,"nA",-71,-43,-54.0595,10.9361,84,0,0,0.00888533,***
"PIN2PIN_ODD_ROW_post","PIN2PIN_ODD_ROW_post",9717,"Parametric","",-1600,75,"nA",-70,-45,-53.8095,9.79116,84,0,0,0.00888533,***
"PIN2PIN_ODD_ROW_post","PIN2PIN_ODD_ROW_post",9817,"Parametric","",-1600,75,"nA",-76,-50,-57.619,11.0834,84,0,0,0.00888533,***
"PIN2PIN_ODD_ROW_post","PIN2PIN_ODD_ROW_post",9917,"Parametric","",-1600,75,"nA",-74,-50,-57.9643,9.8842,84,0,0,0.00888533,***
"PIN2PIN_ODD_ROW_post","PIN2PIN_ODD_ROW_post",10017,"Parametric","",-1600,75,"nA",-75,-50,-58.4405,10.1653,84,0,0,0.00888533,***
"PIN2PIN_ODD_ROW_post","PIN2PIN_ODD_ROW_post",10117,"Parametric","",-1600,75,"nA",-77,-50,-57.9881,11.1166,84,0,0,0.00888533,***
"PIN2PIN_ODD_ROW_post","PIN2PIN_ODD_ROW_post",10217,"Parametric","",-1600,75,"nA",-71,-45,-53.8214,10.1793,84,0,0,0.00888533,***
"PIN2PIN_ODD_ROW_post","PIN2PIN_ODD_ROW_post",10317,"Parametric","",-1600,75,"nA",-70,-44,-53.631,9.88217,84,0,0,0.00888533,***
"PIN2PIN_ODD_ROW_post","PIN2PIN_ODD_ROW_post",10417,"Parametric","",-1600,75,"nA",-69,-45,-53.381,10.0336,84,0,0,0.00888533,***
"PIN2PIN_ODD_ROW_post","PIN2PIN_ODD_ROW_post",10517,"Parametric","",-1600,75,"nA",-70,-44,-53.1429,9.6407,84,0,0,0.00888533,***
"PIN2PIN_ODD_ROW_post","PIN2PIN_ODD_ROW_post",10617,"Parametric","",-1600,75,"nA",-70,-45,-53.7381,10.077,84,0,0,0.00888533,***
"PIN2PIN_ODD_ROW_post","PIN2PIN_ODD_ROW_post",10717,"Parametric","",-1600,75,"nA",-75,-49,-57.3333,9.76758,84,0,0,0.00888533,***
"PIN2PIN_ODD_ROW_post","PIN2PIN_ODD_ROW_post",10817,"Parametric","",-1600,75,"nA",-72,-46,-54.0714,10.4441,84,0,0,0.00888533,***
"PIN2PIN_ODD_ROW_post","PIN2PIN_ODD_ROW_post",10917,"Parametric","",-1600,75,"nA",-74,-51,-58.5357,9.88298,84,0,0,0.00888533,***
"PIN2PIN_ODD_ROW_post","PIN2PIN_ODD_ROW_post",11017,"Parametric","",-1600,75,"nA",-69,-46,-53.3095,9.28268,84,0,0,0.00888533,***
"PIN2PIN_ODD_ROW_post","PIN2PIN_ODD_ROW_post",11117,"Parametric","",-1600,75,"nA",-70,-46,-53.619,9.83711,84,0,0,0.00888533,***
"PIN2PIN_ODD_ROW_post","PIN2PIN_ODD_ROW_post",11217,"Parametric","",-1600,75,"nA",-70,-45,-52.8929,10.3167,84,0,0,0.00888533,***
"SupplyShort_VDD_Post","SupplyShort_VDD_Post",1019,"Parametric","",***,100000,"nA",-265.41,-190.626,-230.572,17.2873,84,0,0,0.0145721,***
"DIODE_GND","DIODE_GND_open",3816,"Parametric","",-1000,-300,"mV",-4015.96,-4014.82,-4015.39,0.305901,12,12,0,0.00848114,***
"DIODE_GND","DIODE_GND_open",3916,"Parametric","",-1000,-300,"mV",-2015.34,-2015.17,-2015.23,0.0509425,12,12,0,0.00848114,***
"DIODE_GND","DIODE_GND_open",5816,"Parametric","",-1000,-300,"mV",-4113.13,-4103.85,-4109.31,3.48674,12,12,0,0.00848114,***
"DIODE_GND","DIODE_GND_open",6516,"Parametric","",-1000,-300,"mV",-4090.77,-4081.5,-4086.88,3.47791,12,12,0,0.00848114,***
"DIODE_GND","DIODE_GND_open",6616,"Parametric","",-1000,-300,"mV",-4095.54,-4085.06,-4090.12,3.58748,12,12,0,0.00848114,***
"DIODE_GND","DIODE_GND_open",6716,"Parametric","",-1000,-300,"mV",-4088.61,-4079.96,-4085.15,2.98353,12,12,0,0.00848114,***