Test Suite,Test,Test#,Type,Pattern,Lower,Upper,Unit,Min,Max,Mean,Sdev,Cpk,Cpl,Cpu,Device#,Fail#,Alarm#,Time,TS Time
"DIODE_GND","DIODE_GND",3016,"Parametric","",-1000,-300,"mV",-440.593,-440.593,-440.593,0,***,***,***,1,0,0,0.071689,***
"DIODE_GND","DIODE_GND",3116,"Parametric","",-1000,-300,"mV",-440.024,-440.024,-440.024,0,***,***,***,1,0,0,0.071689,***
"DIODE_GND","DIODE_GND",3216,"Parametric","",-1000,-300,"mV",-440.265,-440.265,-440.265,0,***,***,***,1,0,0,0.071689,***
"DIODE_GND","DIODE_GND",3316,"Parametric","",-1000,-300,"mV",-440.09,-440.09,-440.09,0,***,***,***,1,0,0,0.071689,***
"DIODE_GND","DIODE_GND",3416,"Parametric","",-1000,-300,"mV",-440.976,-440.976,-440.976,0,***,***,***,1,0,0,0.071689,***
"DIODE_GND","DIODE_GND",3516,"Parametric","",-1000,-300,"mV",-441.033,-441.033,-441.033,0,***,***,***,1,0,0,0.071689,***
"DIODE_GND","DIODE_GND",3616,"Parametric","",-1000,-300,"mV",-442.14,-442.14,-442.14,0,***,***,***,1,0,0,0.071689,***
"DIODE_GND","DIODE_GND",3716,"Parametric","",-1000,-300,"mV",-442.813,-442.813,-442.813,0,***,***,***,1,0,0,0.071689,***
"DIODE_GND","DIODE_GND",3816,"Parametric","",-1000,-300,"mV",-441.033,-441.033,-441.033,0,***,***,***,1,0,0,0.071689,***
"DIODE_GND","DIODE_GND",3916,"Parametric","",-1000,-300,"mV",-441.147,-441.147,-441.147,0,***,***,***,1,0,0,0.071689,***
"DIODE_GND","DIODE_GND",4016,"Parametric","",-1000,-300,"mV",-438.717,-438.717,-438.717,0,***,***,***,1,0,0,0.071689,***
"DIODE_GND","DIODE_GND",4116,"Parametric","",-1000,-300,"mV",-439.901,-439.901,-439.901,0,***,***,***,1,0,0,0.071689,***
"DIODE_GND","DIODE_GND",4216,"Parametric","",-1000,-300,"mV",-440.791,-440.791,-440.791,0,***,***,***,1,0,0,0.071689,***
"DIODE_GND","DIODE_GND",4316,"Parametric","",-1000,-300,"mV",-441.077,-441.077,-441.077,0,***,***,***,1,0,0,0.071689,***
"DIODE_GND","DIODE_GND",4416,"Parametric","",-1000,-300,"mV",-441.376,-441.376,-441.376,0,***,***,***,1,0,0,0.071689,***
"DIODE_GND","DIODE_GND",4516,"Parametric","",-1000,-300,"mV",-442.978,-442.978,-442.978,0,***,***,***,1,0,0,0.071689,***
"DIODE_GND","DIODE_GND",4616,"Parametric","",-1000,-300,"mV",-444.135,-444.135,-444.135,0,***,***,***,1,0,0,0.071689,***
"DIODE_GND","DIODE_GND",4716,"Parametric","",-1000,-300,"mV",-440.307,-440.307,-440.307,0,***,***,***,1,0,0,0.071689,***
"DIODE_GND","DIODE_GND",4816,"Parametric","",-1000,-300,"mV",-441.852,-441.852,-441.852,0,***,***,***,1,0,0,0.071689,***
"DIODE_GND","DIODE_GND",4916,"Parametric","",-1000,-300,"mV",-444.097,-444.097,-444.097,0,***,***,***,1,0,0,0.071689,***
"DIODE_GND","DIODE_GND",5016,"Parametric","",-1000,-300,"mV",-444.586,-444.586,-444.586,0,***,***,***,1,0,0,0.071689,***
"DIODE_GND","DIODE_GND",5116,"Parametric","",-1000,-300,"mV",-445,-445,-445,0,***,***,***,1,0,0,0.071689,***
"DIODE_GND","DIODE_GND",5216,"Parametric","",-1000,-300,"mV",-443.868,-443.868,-443.868,0,***,***,***,1,0,0,0.071689,***
"DIODE_GND","DIODE_GND",5316,"Parametric","",-1000,-300,"mV",-444.523,-444.523,-444.523,0,***,***,***,1,0,0,0.071689,***
"DIODE_GND","DIODE_GND",5416,"Parametric","",-1000,-300,"mV",-444.313,-444.313,-444.313,0,***,***,***,1,0,0,0.071689,***
"DIODE_GND","DIODE_GND",5516,"Parametric","",-1000,-300,"mV",-444.084,-444.084,-444.084,0,***,***,***,1,0,0,0.071689,***
"DIODE_GND","DIODE_GND",5616,"Parametric","",-1000,-300,"mV",-439.493,-439.493,-439.493,0,***,***,***,1,0,0,0.071689,***
"DIODE_GND","DIODE_GND",5716,"Parametric","",-1000,-300,"mV",-443.512,-443.512,-443.512,0,***,***,***,1,0,0,0.071689,***
"DIODE_GND","DIODE_GND",5816,"Parametric","",-1000,-300,"mV",-445.013,-445.013,-445.013,0,***,***,***,1,0,0,0.071689,***
"DIODE_GND","DIODE_GND",5916,"Parametric","",-1000,-300,"mV",-440.192,-440.192,-440.192,0,***,***,***,1,0,0,0.071689,***
"DIODE_GND","DIODE_GND",6016,"Parametric","",-1000,-300,"mV",-442.78,-442.78,-442.78,0,***,***,***,1,0,0,0.071689,***
"DIODE_GND","DIODE_GND",6116,"Parametric","",-1000,-300,"mV",-444.599,-444.599,-444.599,0,***,***,***,1,0,0,0.071689,***
"DIODE_GND","DIODE_GND",6216,"Parametric","",-1000,-300,"mV",-444.37,-444.37,-444.37,0,***,***,***,1,0,0,0.071689,***
"DIODE_GND","DIODE_GND",6316,"Parametric","",-1000,-300,"mV",-445.814,-445.814,-445.814,0,***,***,***,1,0,0,0.071689,***
"DIODE_GND","DIODE_GND",6416,"Parametric","",-1000,-300,"mV",-444.014,-444.014,-444.014,0,***,***,***,1,0,0,0.071689,***
"DIODE_GND","DIODE_GND",6516,"Parametric","",-1000,-300,"mV",-441.695,-441.695,-441.695,0,***,***,***,1,0,0,0.071689,***
"DIODE_GND","DIODE_GND",6616,"Parametric","",-1000,-300,"mV",-444.027,-444.027,-444.027,0,***,***,***,1,0,0,0.071689,***
"DIODE_GND","DIODE_GND",6716,"Parametric","",-1000,-300,"mV",-440.939,-440.939,-440.939,0,***,***,***,1,0,0,0.071689,***
"DIODE_GND","DIODE_GND",6816,"Parametric","",-1000,-300,"mV",-440.151,-440.151,-440.151,0,***,***,***,1,0,0,0.071689,***
"DIODE_GND","DIODE_GND",6916,"Parametric","",-1000,-300,"mV",-439.346,-439.346,-439.346,0,***,***,***,1,0,0,0.071689,***
"DIODE_GND","DIODE_GND",7016,"Parametric","",-1000,-300,"mV",-440.24,-440.24,-440.24,0,***,***,***,1,0,0,0.071689,***
"PIN2PIN_ODD_ROW","PIN2PIN_ODD_ROW",3017,"Parametric","",-1600,75,"nA",-61,-61,-61,0,***,***,***,1,0,0,0.049654,***
"PIN2PIN_ODD_ROW","PIN2PIN_ODD_ROW",3117,"Parametric","",-1600,75,"nA",-60,-60,-60,0,***,***,***,1,0,0,0.049654,***
"PIN2PIN_ODD_ROW","PIN2PIN_ODD_ROW",3217,"Parametric","",-1600,75,"nA",-60,-60,-60,0,***,***,***,1,0,0,0.049654,***
"PIN2PIN_ODD_ROW","PIN2PIN_ODD_ROW",3317,"Parametric","",-1600,75,"nA",-58,-58,-58,0,***,***,***,1,0,0,0.049654,***
"PIN2PIN_ODD_ROW","PIN2PIN_ODD_ROW",3417,"Parametric","",-1600,75,"nA",-59,-59,-59,0,***,***,***,1,0,0,0.049654,***
"PIN2PIN_ODD_ROW","PIN2PIN_ODD_ROW",3517,"Parametric","",-1600,75,"nA",-59,-59,-59,0,***,***,***,1,0,0,0.049654,***
"PIN2PIN_ODD_ROW","PIN2PIN_ODD_ROW",3617,"Parametric","",-1600,75,"nA",-58,-58,-58,0,***,***,***,1,0,0,0.049654,***
"PIN2PIN_ODD_ROW","PIN2PIN_ODD_ROW",3717,"Parametric","",-1600,75,"nA",-58,-58,-58,0,***,***,***,1,0,0,0.049654,***
"PIN2PIN_ODD_ROW","PIN2PIN_ODD_ROW",3817,"Parametric","",-1600,75,"nA",-60,-60,-60,0,***,***,***,1,0,0,0.049654,***
"PIN2PIN_ODD_ROW","PIN2PIN_ODD_ROW",3917,"Parametric","",-1600,75,"nA",-59,-59,-59,0,***,***,***,1,0,0,0.049654,***
"PIN2PIN_ODD_ROW","PIN2PIN_ODD_ROW",4017,"Parametric","",-1600,75,"nA",-57,-57,-57,0,***,***,***,1,0,0,0.049654,***
"PIN2PIN_ODD_ROW","PIN2PIN_ODD_ROW",4117,"Parametric","",-1600,75,"nA",-53,-53,-53,0,***,***,***,1,0,0,0.049654,***
"PIN2PIN_ODD_ROW","PIN2PIN_ODD_ROW",4217,"Parametric","",-1600,75,"nA",-55,-55,-55,0,***,***,***,1,0,0,0.049654,***
"PIN2PIN_ODD_ROW","PIN2PIN_ODD_ROW",4317,"Parametric","",-1600,75,"nA",-54,-54,-54,0,***,***,***,1,0,0,0.049654,***
"PIN2PIN_ODD_ROW","PIN2PIN_ODD_ROW",4417,"Parametric","",-1600,75,"nA",-54,-54,-54,0,***,***,***,1,0,0,0.049654,***
"PIN2PIN_ODD_ROW","PIN2PIN_ODD_ROW",4517,"Parametric","",-1600,75,"nA",-54,-54,-54,0,***,***,***,1,0,0,0.049654,***
"PIN2PIN_ODD_ROW","PIN2PIN_ODD_ROW",4617,"Parametric","",-1600,75,"nA",-53,-53,-53,0,***,***,***,1,0,0,0.049654,***
"PIN2PIN_ODD_ROW","PIN2PIN_ODD_ROW",4717,"Parametric","",-1600,75,"nA",-53,-53,-53,0,***,***,***,1,0,0,0.049654,***
"PIN2PIN_ODD_ROW","PIN2PIN_ODD_ROW",4817,"Parametric","",-1600,75,"nA",-61,-61,-61,0,***,***,***,1,0,0,0.049654,***
"PIN2PIN_ODD_ROW","PIN2PIN_ODD_ROW",4917,"Parametric","",-1600,75,"nA",-56,-56,-56,0,***,***,***,1,0,0,0.049654,***
"PIN2PIN_ODD_ROW","PIN2PIN_ODD_ROW",5017,"Parametric","",-1600,75,"nA",-55,-55,-55,0,***,***,***,1,0,0,0.049654,***
"PIN2PIN_ODD_ROW","PIN2PIN_ODD_ROW",5117,"Parametric","",-1600,75,"nA",-60,-60,-60,0,***,***,***,1,0,0,0.049654,***
"PIN2PIN_ODD_ROW","PIN2PIN_ODD_ROW",5217,"Parametric","",-1600,75,"nA",-56,-56,-56,0,***,***,***,1,0,0,0.049654,***
"PIN2PIN_ODD_ROW","PIN2PIN_ODD_ROW",5317,"Parametric","",-1600,75,"nA",-52,-52,-52,0,***,***,***,1,0,0,0.049654,***
"PIN2PIN_ODD_ROW","PIN2PIN_ODD_ROW",5417,"Parametric","",-1600,75,"nA",-52,-52,-52,0,***,***,***,1,0,0,0.049654,***
"PIN2PIN_ODD_ROW","PIN2PIN_ODD_ROW",5517,"Parametric","",-1600,75,"nA",-52,-52,-52,0,***,***,***,1,0,0,0.049654,***
"PIN2PIN_ODD_ROW","PIN2PIN_ODD_ROW",5617,"Parametric","",-1600,75,"nA",-54,-54,-54,0,***,***,***,1,0,0,0.049654,***
"PIN2PIN_ODD_ROW","PIN2PIN_ODD_ROW",5717,"Parametric","",-1600,75,"nA",-55,-55,-55,0,***,***,***,1,0,0,0.049654,***
"PIN2PIN_ODD_ROW","PIN2PIN_ODD_ROW",5817,"Parametric","",-1600,75,"nA",-53,-53,-53,0,***,***,***,1,0,0,0.049654,***
"PIN2PIN_ODD_ROW","PIN2PIN_ODD_ROW",5917,"Parametric","",-1600,75,"nA",-55,-55,-55,0,***,***,***,1,0,0,0.049654,***
"PIN2PIN_ODD_ROW","PIN2PIN_ODD_ROW",6017,"Parametric","",-1600,75,"nA",-58,-58,-58,0,***,***,***,1,0,0,0.049654,***
"PIN2PIN_ODD_ROW","PIN2PIN_ODD_ROW",6117,"Parametric","",-1600,75,"nA",-57,-57,-57,0,***,***,***,1,0,0,0.049654,***
"PIN2PIN_ODD_ROW","PIN2PIN_ODD_ROW",6217,"Parametric","",-1600,75,"nA",-60,-60,-60,0,***,***,***,1,0,0,0.049654,***
"SupplyShort_VDD","SupplyShort_VDD",19,"Parametric","",***,100000,"nA",126.544,126.544,126.544,0,***,***,***,1,0,0,0.096921,***
"ZOUT_AllOutputs","ZOUT_AllOutputs",18000001,"Parametric","",144,256,"Ohm",219.789,219.789,219.789,0,***,***,***,1,0,0,0.023495,***
"ZOUT_AllOutputs","ZOUT_AllOutputs",18000002,"Parametric","",144,256,"Ohm",219.841,219.841,219.841,0,***,***,***,1,0,0,0.023495,***
"ZOUT_AllOutputs","ZOUT_AllOutputs",18000003,"Parametric","",144,256,"Ohm",218.403,218.403,218.403,0,***,***,***,1,0,0,0.023495,***
"ZOUT_AllOutputs","ZOUT_AllOutputs",18000004,"Parametric","",144,256,"Ohm",218.652,218.652,218.652,0,***,***,***,1,0,0,0.023495,***
"IIH_Inputs","IIH_Inputs",49,"Parametric","",***,180,"nA",0,0,0,0,***,***,***,1,0,0,0.05133,***
"IIH_Inputs","IIH_Inputs",149,"Parametric","",***,180,"nA",1,1,1,0,***,***,***,1,0,0,0.05133,***
"IIH_Inputs","IIH_Inputs",249,"Parametric","",***,180,"nA",1,1,1,0,***,***,***,1,0,0,0.05133,***
"IIH_Inputs","IIH_Inputs",349,"Parametric","",***,180,"nA",1,1,1,0,***,***,***,1,0,0,0.05133,***
"IIH_Inputs","IIH_Inputs",449,"Parametric","",***,180,"nA",1,1,1,0,***,***,***,1,0,0,0.05133,***
"IIH_Inputs","IIH_Inputs",549,"Parametric","",***,180,"nA",1,1,1,0,***,***,***,1,0,0,0.05133,***
"IIH_Inputs","IIH_Inputs",649,"Parametric","",***,180,"nA",1,1,1,0,***,***,***,1,0,0,0.05133,***
"IIH_Inputs","IIH_Inputs",749,"Parametric","",***,180,"nA",1,1,1,0,***,***,***,1,0,0,0.05133,***
"IIH_Inputs","IIH_Inputs",849,"Parametric","",***,180,"nA",1,1,1,0,***,***,***,1,0,0,0.05133,***
"IIH_Inputs","IIH_Inputs",949,"Parametric","",***,180,"nA",1,1,1,0,***,***,***,1,0,0,0.05133,***
"IIH_Inputs","IIH_Inputs",1049,"Parametric","",***,180,"nA",1,1,1,0,***,***,***,1,0,0,0.05133,***
"IIH_Inputs","IIH_Inputs",1149,"Parametric","",***,180,"nA",0,0,0,0,***,***,***,1,0,0,0.05133,***
"IIH_Inputs","IIH_Inputs",1249,"Parametric","",***,180,"nA",1,1,1,0,***,***,***,1,0,0,0.05133,***
"IIH_Inputs","IIH_Inputs",1349,"Parametric","",***,180,"nA",1,1,1,0,***,***,***,1,0,0,0.05133,***
"IIH_Inputs","IIH_Inputs",1449,"Parametric","",***,180,"nA",1,1,1,0,***,***,***,1,0,0,0.05133,***
"IIH_Inputs","IIH_Inputs",1549,"Parametric","",***,180,"nA",1,1,1,0,***,***,***,1,0,0,0.05133,***
"IIH_Inputs","IIH_Inputs",1649,"Parametric","",***,180,"nA",0,0,0,0,***,***,***,1,0,0,0.05133,***
"IIH_Inputs","IIH_Inputs",1749,"Parametric","",***,180,"nA",1,1,1,0,***,***,***,1,0,0,0.05133,***
"IIH_Inputs","IIH_Inputs",1849,"Parametric","",***,180,"nA",1,1,1,0,***,***,***,1,0,0,0.05133,***
"IIH_Inputs","IIH_Inputs",1949,"Parametric","",***,180,"nA",1,1,1,0,***,***,***,1,0,0,0.05133,***
"IIH_Inputs","IIH_Inputs",2049,"Parametric","",***,180,"nA",1,1,1,0,***,***,***,1,0,0,0.05133,***
"IIH_Inputs","IIH_Inputs",2149,"Parametric","",***,180,"nA",1,1,1,0,***,***,***,1,0,0,0.05133,***
"IIH_Inputs","IIH_Inputs",2249,"Parametric","",***,180,"nA",1,1,1,0,***,***,***,1,0,0,0.05133,***
"IIH_Inputs","IIH_Inputs",2349,"Parametric","",***,180,"nA",1,1,1,0,***,***,***,1,0,0,0.05133,***
"IIH_Inputs","IIH_Inputs",2449,"Parametric","",***,180,"nA",1,1,1,0,***,***,***,1,0,0,0.05133,***
"IIH_Inputs","IIH_Inputs",2549,"Parametric","",***,180,"nA",1,1,1,0,***,***,***,1,0,0,0.05133,***
"IIH_Inputs","IIH_Inputs",2649,"Parametric","",***,180,"nA",1,1,1,0,***,***,***,1,0,0,0.05133,***
"IIH_Inputs","IIH_Inputs",2749,"Parametric","",***,180,"nA",1,1,1,0,***,***,***,1,0,0,0.05133,***
"IIH_Inputs","IIH_Inputs",2849,"Parametric","",***,180,"nA",0,0,0,0,***,***,***,1,0,0,0.05133,***
"IIH_Inputs","IIH_Inputs",2949,"Parametric","",***,180,"nA",1,1,1,0,***,***,***,1,0,0,0.05133,***
"IIH_Inputs","IIH_Inputs",3049,"Parametric","",***,180,"nA",1,1,1,0,***,***,***,1,0,0,0.05133,***
"IIH_Inputs","IIH_Inputs",3149,"Parametric","",***,180,"nA",1,1,1,0,***,***,***,1,0,0,0.05133,***
"IIH_Inputs","IIH_Inputs",3249,"Parametric","",***,180,"nA",0,0,0,0,***,***,***,1,0,0,0.05133,***
"IIL_Inputs","IIL_Inputs",10049,"Parametric","",***,180,"nA",0,0,0,0,***,***,***,1,0,0,0.051446,***
"IIL_Inputs","IIL_Inputs",10149,"Parametric","",***,180,"nA",0,0,0,0,***,***,***,1,0,0,0.051446,***
"IIL_Inputs","IIL_Inputs",10249,"Parametric","",***,180,"nA",0,0,0,0,***,***,***,1,0,0,0.051446,***
"IIL_Inputs","IIL_Inputs",10349,"Parametric","",***,180,"nA",-1,-1,-1,0,***,***,***,1,0,0,0.051446,***
"IIL_Inputs","IIL_Inputs",10449,"Parametric","",***,180,"nA",0,0,0,0,***,***,***,1,0,0,0.051446,***
"IIL_Inputs","IIL_Inputs",10549,"Parametric","",***,180,"nA",0,0,0,0,***,***,***,1,0,0,0.051446,***
"IIL_Inputs","IIL_Inputs",10649,"Parametric","",***,180,"nA",0,0,0,0,***,***,***,1,0,0,0.051446,***
"IIL_Inputs","IIL_Inputs",10749,"Parametric","",***,180,"nA",0,0,0,0,***,***,***,1,0,0,0.051446,***
"IIL_Inputs","IIL_Inputs",10849,"Parametric","",***,180,"nA",0,0,0,0,***,***,***,1,0,0,0.051446,***
"IIL_Inputs","IIL_Inputs",10949,"Parametric","",***,180,"nA",0,0,0,0,***,***,***,1,0,0,0.051446,***
"IIL_Inputs","IIL_Inputs",11049,"Parametric","",***,180,"nA",0,0,0,0,***,***,***,1,0,0,0.051446,***
"IIL_Inputs","IIL_Inputs",11149,"Parametric","",***,180,"nA",0,0,0,0,***,***,***,1,0,0,0.051446,***
"IIL_Inputs","IIL_Inputs",11249,"Parametric","",***,180,"nA",0,0,0,0,***,***,***,1,0,0,0.051446,***
"IIL_Inputs","IIL_Inputs",11349,"Parametric","",***,180,"nA",0,0,0,0,***,***,***,1,0,0,0.051446,***
"IIL_Inputs","IIL_Inputs",11449,"Parametric","",***,180,"nA",0,0,0,0,***,***,***,1,0,0,0.051446,***
"IIL_Inputs","IIL_Inputs",11549,"Parametric","",***,180,"nA",0,0,0,0,***,***,***,1,0,0,0.051446,***
"IIL_Inputs","IIL_Inputs",11649,"Parametric","",***,180,"nA",0,0,0,0,***,***,***,1,0,0,0.051446,***
"IIL_Inputs","IIL_Inputs",11749,"Parametric","",***,180,"nA",0,0,0,0,***,***,***,1,0,0,0.051446,***
"IIL_Inputs","IIL_Inputs",11849,"Parametric","",***,180,"nA",0,0,0,0,***,***,***,1,0,0,0.051446,***
"IIL_Inputs","IIL_Inputs",11949,"Parametric","",***,180,"nA",0,0,0,0,***,***,***,1,0,0,0.051446,***
"IIL_Inputs","IIL_Inputs",12049,"Parametric","",***,180,"nA",0,0,0,0,***,***,***,1,0,0,0.051446,***
"IIL_Inputs","IIL_Inputs",12149,"Parametric","",***,180,"nA",0,0,0,0,***,***,***,1,0,0,0.051446,***
"IIL_Inputs","IIL_Inputs",12249,"Parametric","",***,180,"nA",0,0,0,0,***,***,***,1,0,0,0.051446,***
"IIL_Inputs","IIL_Inputs",12349,"Parametric","",***,180,"nA",0,0,0,0,***,***,***,1,0,0,0.051446,***
"IIL_Inputs","IIL_Inputs",12449,"Parametric","",***,180,"nA",0,0,0,0,***,***,***,1,0,0,0.051446,***
"IIL_Inputs","IIL_Inputs",12549,"Parametric","",***,180,"nA",0,0,0,0,***,***,***,1,0,0,0.051446,***
"IIL_Inputs","IIL_Inputs",12649,"Parametric","",***,180,"nA",0,0,0,0,***,***,***,1,0,0,0.051446,***
"IIL_Inputs","IIL_Inputs",12749,"Parametric","",***,180,"nA",0,0,0,0,***,***,***,1,0,0,0.051446,***
"IIL_Inputs","IIL_Inputs",12849,"Parametric","",***,180,"nA",0,0,0,0,***,***,***,1,0,0,0.051446,***
"IIL_Inputs","IIL_Inputs",12949,"Parametric","",***,180,"nA",0,0,0,0,***,***,***,1,0,0,0.051446,***
"IIL_Inputs","IIL_Inputs",13049,"Parametric","",***,180,"nA",0,0,0,0,***,***,***,1,0,0,0.051446,***
"IIL_Inputs","IIL_Inputs",13149,"Parametric","",***,180,"nA",0,0,0,0,***,***,***,1,0,0,0.051446,***
"IIL_Inputs","IIL_Inputs",13249,"Parametric","",***,180,"nA",0,0,0,0,***,***,***,1,0,0,0.051446,***
"IOZ_P_GND","IOZ_P_GND",52,"Parametric","",-3000,3000,"nA",-9,-9,-9,0,***,***,***,1,0,0,0.017508,***
"IOZ_P_GND","IOZ_P_GND",53,"Parametric","",-3000,3000,"nA",-7,-7,-7,0,***,***,***,1,0,0,0.017508,***
"IOZ_P_GND","IOZ_P_GND",54,"Parametric","",-3000,3000,"nA",-7,-7,-7,0,***,***,***,1,0,0,0.017508,***
"IOZ_P_GND","IOZ_P_GND",55,"Parametric","",-3000,3000,"nA",-9,-9,-9,0,***,***,***,1,0,0,0.017508,***
"IOZ_P_VDD","IOZ_P_VDD",10052,"Parametric","",-3000,3000,"nA",-5,-5,-5,0,***,***,***,1,0,0,0.015756,***
"IOZ_P_VDD","IOZ_P_VDD",10053,"Parametric","",-3000,3000,"nA",-4,-4,-4,0,***,***,***,1,0,0,0.015756,***
"IOZ_P_VDD","IOZ_P_VDD",10054,"Parametric","",-3000,3000,"nA",-3,-3,-3,0,***,***,***,1,0,0,0.015756,***
"IOZ_P_VDD","IOZ_P_VDD",10055,"Parametric","",-3000,3000,"nA",-5,-5,-5,0,***,***,***,1,0,0,0.015756,***
"IOZ_N_VDD","IOZ_N_VDD",20052,"Parametric","",-3000,3000,"nA",-5,-5,-5,0,***,***,***,1,0,0,0.016791,***
"IOZ_N_VDD","IOZ_N_VDD",20053,"Parametric","",-3000,3000,"nA",-6,-6,-6,0,***,***,***,1,0,0,0.016791,***
"IOZ_N_VDD","IOZ_N_VDD",20054,"Parametric","",-3000,3000,"nA",-4,-4,-4,0,***,***,***,1,0,0,0.016791,***
"IOZ_N_VDD","IOZ_N_VDD",20055,"Parametric","",-3000,3000,"nA",-6,-6,-6,0,***,***,***,1,0,0,0.016791,***
"IOZ_N_GND","IOZ_N_GND",30052,"Parametric","",-3000,3000,"nA",-9,-9,-9,0,***,***,***,1,0,0,0.016168,***
"IOZ_N_GND","IOZ_N_GND",30053,"Parametric","",-3000,3000,"nA",-9,-9,-9,0,***,***,***,1,0,0,0.016168,***
"IOZ_N_GND","IOZ_N_GND",30054,"Parametric","",-3000,3000,"nA",-7,-7,-7,0,***,***,***,1,0,0,0.016168,***
"IOZ_N_GND","IOZ_N_GND",30055,"Parametric","",-3000,3000,"nA",-8,-8,-8,0,***,***,***,1,0,0,0.016168,***
"ICC_shutdown_Vdd_LS1l_VDD","ICC_shutdown_Vdd_LS1l_VDD",57000001,"Parametric","",***,9500,"nA",151.282,151.282,151.282,0,***,***,***,1,0,0,1.12706,***
"ICC_shutdown_Vdd_LS1l_VDDP","ICC_shutdown_Vdd_LS1l_VDDP",57010001,"Parametric","",***,9500,"nA",118.401,118.401,118.401,0,***,***,***,1,0,0,0.107275,***
"ICC_shutdown_Vdd_LS1l_VDDP","ICC_shutdown_Vdd_LS1l_VDDP",57010101,"Parametric","",***,9500,"nA",111.608,111.608,111.608,0,***,***,***,1,0,0,0.107275,***
"ICC_shutdown_Vdd_LS1l_VDDP","ICC_shutdown_Vdd_LS1l_VDDP",57010201,"Parametric","",***,9500,"nA",100.729,100.729,100.729,0,***,***,***,1,0,0,0.107275,***
"ICC_shutdown_Vdd_LS1l_VDDP","ICC_shutdown_Vdd_LS1l_VDDP",57010301,"Parametric","",***,9500,"nA",330.738,330.738,330.738,0,***,***,***,1,0,0,0.107275,***
"ICC_shutdn_Vdd_LS1f_VDD","ICC_shutdn_Vdd_LS1f_VDD",57020001,"Parametric","",***,9500,"nA",117.12,117.12,117.12,0,***,***,***,1,0,0,0.099235,***
"ICC_shutdn_Vdd_LS1f_VDDP","ICC_shutdn_Vdd_LS1f_VDDP",57030001,"Parametric","",***,9500,"nA",81.188,81.188,81.188,0,***,***,***,1,0,0,0.098987,***
"ICC_shutdn_Vdd_LS1f_VDDP","ICC_shutdn_Vdd_LS1f_VDDP",57030101,"Parametric","",***,9500,"nA",94.996,94.996,94.996,0,***,***,***,1,0,0,0.098987,***
"ICC_shutdn_Vdd_LS1f_VDDP","ICC_shutdn_Vdd_LS1f_VDDP",57030201,"Parametric","",***,9500,"nA",2.147,2.147,2.147,0,***,***,***,1,0,0,0.098987,***
"ICC_shutdn_Vdd_LS1f_VDDP","ICC_shutdn_Vdd_LS1f_VDDP",57030301,"Parametric","",***,9500,"nA",178.331,178.331,178.331,0,***,***,***,1,0,0,0.098987,***
"ICC_shutdn_Vdd_LS1h_VDD","ICC_shutdn_Vdd_LS1h_VDD",57040001,"Parametric","",***,9500,"nA",110.837,110.837,110.837,0,***,***,***,1,0,0,0.120086,***
"ICC_shutdn_Vdd_LS1h_VDDP","ICC_shutdn_Vdd_LS1h_VDDP",57050001,"Parametric","",***,9500,"nA",90.293,90.293,90.293,0,***,***,***,1,0,0,0.104837,***
"ICC_shutdn_Vdd_LS1h_VDDP","ICC_shutdn_Vdd_LS1h_VDDP",57050101,"Parametric","",***,9500,"nA",87.481,87.481,87.481,0,***,***,***,1,0,0,0.104837,***
"ICC_shutdn_Vdd_LS1h_VDDP","ICC_shutdn_Vdd_LS1h_VDDP",57050201,"Parametric","",***,9500,"nA",100.729,100.729,100.729,0,***,***,***,1,0,0,0.104837,***
"ICC_shutdn_Vdd_LS1h_VDDP","ICC_shutdn_Vdd_LS1h_VDDP",57050301,"Parametric","",***,9500,"nA",278.503,278.503,278.503,0,***,***,***,1,0,0,0.104837,***
"ICC_shutdown_0V_LS1l_VDD","ICC_shutdown_0V_LS1l_VDD",41000001,"Parametric","",***,9500,"nA",105.34,105.34,105.34,0,***,***,***,1,0,0,0.115865,***
"ICC_shutdown_0V_LS1l_VDDP","ICC_shutdown_0V_LS1l_VDDP",41010001,"Parametric","",***,9500,"nA",88.71,88.71,88.71,0,***,***,***,1,0,0,0.101557,***
"ICC_shutdown_0V_LS1l_VDDP","ICC_shutdown_0V_LS1l_VDDP",41010101,"Parametric","",***,9500,"nA",91.436,91.436,91.436,0,***,***,***,1,0,0,0.101557,***
"ICC_shutdown_0V_LS1l_VDDP","ICC_shutdown_0V_LS1l_VDDP",41010201,"Parametric","",***,9500,"nA",86.579,86.579,86.579,0,***,***,***,1,0,0,0.101557,***
"ICC_shutdown_0V_LS1l_VDDP","ICC_shutdown_0V_LS1l_VDDP",41010301,"Parametric","",***,9500,"nA",266.725,266.725,266.725,0,***,***,***,1,0,0,0.101557,***
"ICC_shutdn_0V_LS1f_VDD","ICC_shutdn_0V_LS1f_VDD",41020001,"Parametric","",***,9500,"nA",101.021,101.021,101.021,0,***,***,***,1,0,0,0.116723,***
"ICC_shutdn_0V_LS1f_VDDP","ICC_shutdn_0V_LS1f_VDDP",41030001,"Parametric","",***,9500,"nA",80.792,80.792,80.792,0,***,***,***,1,0,0,0.095497,***
"ICC_shutdn_0V_LS1f_VDDP","ICC_shutdn_0V_LS1f_VDDP",41030101,"Parametric","",***,9500,"nA",57.42,57.42,57.42,0,***,***,***,1,0,0,0.095497,***
"ICC_shutdn_0V_LS1f_VDDP","ICC_shutdn_0V_LS1f_VDDP",41030201,"Parametric","",***,9500,"nA",472.749,472.749,472.749,0,***,***,***,1,0,0,0.095497,***
"ICC_shutdn_0V_LS1f_VDDP","ICC_shutdn_0V_LS1f_VDDP",41030301,"Parametric","",***,9500,"nA",610.961,610.961,610.961,0,***,***,***,1,0,0,0.095497,***
"ICC_shutdn_0V_LS1h_VDD","ICC_shutdn_0V_LS1h_VDD",41040001,"Parametric","",***,9500,"nA",91.597,91.597,91.597,0,***,***,***,1,0,0,0.100321,***
"ICC_shutdn_0V_LS1h_VDDP","ICC_shutdn_0V_LS1h_VDDP",41050001,"Parametric","",***,9500,"nA",86.335,86.335,86.335,0,***,***,***,1,0,0,0.105764,***
"ICC_shutdn_0V_LS1h_VDDP","ICC_shutdn_0V_LS1h_VDDP",41050101,"Parametric","",***,9500,"nA",79.174,79.174,79.174,0,***,***,***,1,0,0,0.105764,***
"ICC_shutdn_0V_LS1h_VDDP","ICC_shutdn_0V_LS1h_VDDP",41050201,"Parametric","",***,9500,"nA",57.494,57.494,57.494,0,***,***,***,1,0,0,0.105764,***
"ICC_shutdn_0V_LS1h_VDDP","ICC_shutdn_0V_LS1h_VDDP",41050301,"Parametric","",***,9500,"nA",223.003,223.003,223.003,0,***,***,***,1,0,0,0.105764,***
"ICC_stdby_Vdd_LS1l_VDD","ICC_stdby_Vdd_LS1l_VDD",60000001,"Parametric","",***,9500,"nA",83.351,83.351,83.351,0,***,***,***,1,0,0,0.119584,***
"ICC_stdby_Vdd_LS1l_VDDP","ICC_stdby_Vdd_LS1l_VDDP",60010001,"Parametric","",***,9500,"nA",77.229,77.229,77.229,0,***,***,***,1,0,0,0.105336,***
"ICC_stdby_Vdd_LS1l_VDDP","ICC_stdby_Vdd_LS1l_VDDP",60010101,"Parametric","",***,9500,"nA",43.972,43.972,43.972,0,***,***,***,1,0,0,0.105336,***
"ICC_stdby_Vdd_LS1l_VDDP","ICC_stdby_Vdd_LS1l_VDDP",60010201,"Parametric","",***,9500,"nA",71.643,71.643,71.643,0,***,***,***,1,0,0,0.105336,***
"ICC_stdby_Vdd_LS1l_VDDP","ICC_stdby_Vdd_LS1l_VDDP",60010301,"Parametric","",***,9500,"nA",192.844,192.844,192.844,0,***,***,***,1,0,0,0.105336,***
"ICC_stdby_Vdd_LS1f_VDD","ICC_stdby_Vdd_LS1f_VDD",60020001,"Parametric","",***,9500,"nA",88.848,88.848,88.848,0,***,***,***,1,0,0,0.093975,***
"ICC_stdby_Vdd_LS1f_VDDP","ICC_stdby_Vdd_LS1f_VDDP",60030001,"Parametric","",***,9500,"nA",55.456,55.456,55.456,0,***,***,***,1,0,0,0.095037,***
"ICC_stdby_Vdd_LS1f_VDDP","ICC_stdby_Vdd_LS1f_VDDP",60030101,"Parametric","",***,9500,"nA",48.323,48.323,48.323,0,***,***,***,1,0,0,0.095037,***
"ICC_stdby_Vdd_LS1f_VDDP","ICC_stdby_Vdd_LS1f_VDDP",60030201,"Parametric","",***,9500,"nA",1816.53,1816.53,1816.53,0,***,***,***,1,0,0,0.095037,***
"ICC_stdby_Vdd_LS1f_VDDP","ICC_stdby_Vdd_LS1f_VDDP",60030301,"Parametric","",***,9500,"nA",1920.31,1920.31,1920.31,0,***,***,***,1,0,0,0.095037,***
"ICC_stdby_Vdd_LS1h_VDD","ICC_stdby_Vdd_LS1h_VDD",60040001,"Parametric","",***,9500,"nA",60.576,60.576,60.576,0,***,***,***,1,0,0,0.116264,***
"ICC_stdby_Vdd_LS1h_VDDP","ICC_stdby_Vdd_LS1h_VDDP",60050001,"Parametric","",***,9500,"nA",61.394,61.394,61.394,0,***,***,***,1,0,0,0.101742,***
"ICC_stdby_Vdd_LS1h_VDDP","ICC_stdby_Vdd_LS1h_VDDP",60050101,"Parametric","",***,9500,"nA",43.181,43.181,43.181,0,***,***,***,1,0,0,0.101742,***
"ICC_stdby_Vdd_LS1h_VDDP","ICC_stdby_Vdd_LS1h_VDDP",60050201,"Parametric","",***,9500,"nA",60.638,60.638,60.638,0,***,***,***,1,0,0,0.101742,***
"ICC_stdby_Vdd_LS1h_VDDP","ICC_stdby_Vdd_LS1h_VDDP",60050301,"Parametric","",***,9500,"nA",165.213,165.213,165.213,0,***,***,***,1,0,0,0.101742,***
"ICC_stdby_0V_LS1l_VDD","ICC_stdby_0V_LS1l_VDD",89000001,"Parametric","",***,9500,"nA",77.854,77.854,77.854,0,***,***,***,1,0,0,0.119724,***
"ICC_stdby_0V_LS1l_VDDP","ICC_stdby_0V_LS1l_VDDP",89010001,"Parametric","",***,9500,"nA",49.122,49.122,49.122,0,***,***,***,1,0,0,0.105155,***
"ICC_stdby_0V_LS1l_VDDP","ICC_stdby_0V_LS1l_VDDP",89010101,"Parametric","",***,9500,"nA",40.413,40.413,40.413,0,***,***,***,1,0,0,0.105155,***
"ICC_stdby_0V_LS1l_VDDP","ICC_stdby_0V_LS1l_VDDP",89010201,"Parametric","",***,9500,"nA",65.748,65.748,65.748,0,***,***,***,1,0,0,0.105155,***
"ICC_stdby_0V_LS1l_VDDP","ICC_stdby_0V_LS1l_VDDP",89010301,"Parametric","",***,9500,"nA",155.283,155.283,155.283,0,***,***,***,1,0,0,0.105155,***
"ICC_stdby_0V_LS1f_VDD","ICC_stdby_0V_LS1f_VDD",89020001,"Parametric","",***,9500,"nA",83.351,83.351,83.351,0,***,***,***,1,0,0,0.118625,***
"ICC_stdby_0V_LS1f_VDDP","ICC_stdby_0V_LS1f_VDDP",89030001,"Parametric","",***,9500,"nA",33.287,33.287,33.287,0,***,***,***,1,0,0,0.104986,***
"ICC_stdby_0V_LS1f_VDDP","ICC_stdby_0V_LS1f_VDDP",89030101,"Parametric","",***,9500,"nA",41.995,41.995,41.995,0,***,***,***,1,0,0,0.104986,***
"ICC_stdby_0V_LS1f_VDDP","ICC_stdby_0V_LS1f_VDDP",89030201,"Parametric","",***,9500,"nA",26.022,26.022,26.022,0,***,***,***,1,0,0,0.104986,***
"ICC_stdby_0V_LS1f_VDDP","ICC_stdby_0V_LS1f_VDDP",89030301,"Parametric","",***,9500,"nA",101.304,101.304,101.304,0,***,***,***,1,0,0,0.104986,***
"ICC_stdby_0V_LS1h_VDD","ICC_stdby_0V_LS1h_VDD",89040001,"Parametric","",***,9500,"nA",64.11,64.11,64.11,0,***,***,***,1,0,0,0.100069,***
"ICC_stdby_0V_LS1h_VDDP","ICC_stdby_0V_LS1h_VDDP",89050001,"Parametric","",***,9500,"nA",45.163,45.163,45.163,0,***,***,***,1,0,0,0.105869,***
"ICC_stdby_0V_LS1h_VDDP","ICC_stdby_0V_LS1h_VDDP",89050101,"Parametric","",***,9500,"nA",30.129,30.129,30.129,0,***,***,***,1,0,0,0.105869,***
"ICC_stdby_0V_LS1h_VDDP","ICC_stdby_0V_LS1h_VDDP",89050201,"Parametric","",***,9500,"nA",36.662,36.662,36.662,0,***,***,***,1,0,0,0.105869,***
"ICC_stdby_0V_LS1h_VDDP","ICC_stdby_0V_LS1h_VDDP",89050301,"Parametric","",***,9500,"nA",111.954,111.954,111.954,0,***,***,***,1,0,0,0.105869,***
"ICC_MAX_TOTAL_1CH_pwr","ICC_MAX_TOTAL_1CH_pwr",39015001,"Parametric","",6.5e-05,18.3,"mA",17.6857,17.6857,17.6857,0,***,***,***,1,0,0,0.041212,***
"ICC_MAX_TOTAL_1CH_pwr","LVDS301_ICC_pll",39015001,"Parametric","",1,1,"mA",1,1,1,0,***,***,***,1,0,0,0.041212,***
"ICC_MAX_TOTAL_2CH_pwr","ICC_MAX_TOTAL_2CH_pwr",15000001,"Parametric","",0.2,***,"mA",3.3361,3.3361,3.3361,0,***,***,***,1,0,0,0.036388,***
"ICC_MAX_TOTAL_2CH_pwr","ICC_MAX_TOTAL_2CH_pwr",15000101,"Parametric","",0.2,***,"mA",5.01286,5.01286,5.01286,0,***,***,***,1,0,0,0.036388,***
"ICC_MAX_TOTAL_2CH_pwr","ICC_MAX_TOTAL_2CH_pwr",15000201,"Parametric","",0.2,***,"mA",2.92648,2.92648,2.92648,0,***,***,***,1,0,0,0.036388,***
"ICC_MAX_TOTAL_2CH_pwr","ICC_MAX_TOTAL_2CH_pwr",15000301,"Parametric","",0.2,***,"mA",9.6953,9.6953,9.6953,0,***,***,***,1,0,0,0.036388,***
"ICC_MAX_TOTAL_2CH_pwr","ICC_MAX_TOTAL_2CH_pwr",15000401,"Parametric","",0.2,***,"mA",17.6346,17.6346,17.6346,0,***,***,***,1,0,0,0.036388,***
"ICC_MAX_TOTAL_2CH_pwr","ICC_MAX_TOTAL_2CH_pwr_ALL_POWER",15015001,"Parametric","",0.2,25.3,"mA",22.9707,22.9707,22.9707,0,***,***,***,1,0,0,0.036388,***
"ICC_MAX_TOTAL_2CH_pwr","LVDS301_ICC_pll",15000301,"Parametric","",1,1,"mA",1,1,1,0,***,***,***,1,0,0,0.036388,***
"ICC_MAX_TOTAL_3CH_pwr","ICC_MAX_TOTAL_3CH_pwr",13000001,"Parametric","",1,***,"mA",6.49297,6.49297,6.49297,0,***,***,***,1,0,0,0.036946,***
"ICC_MAX_TOTAL_3CH_pwr","ICC_MAX_TOTAL_3CH_pwr",13000101,"Parametric","",1,***,"mA",4.3178,4.3178,4.3178,0,***,***,***,1,0,0,0.036946,***
"ICC_MAX_TOTAL_3CH_pwr","ICC_MAX_TOTAL_3CH_pwr",13000201,"Parametric","",1,***,"mA",4.17905,4.17905,4.17905,0,***,***,***,1,0,0,0.036946,***
"ICC_MAX_TOTAL_3CH_pwr","ICC_MAX_TOTAL_3CH_pwr",13000301,"Parametric","",1,***,"mA",12.9102,12.9102,12.9102,0,***,***,***,1,0,0,0.036946,***
"ICC_MAX_TOTAL_3CH_pwr","ICC_MAX_TOTAL_3CH_pwr",13000401,"Parametric","",1,***,"mA",21.4071,21.4071,21.4071,0,***,***,***,1,0,0,0.036946,***
"ICC_MAX_TOTAL_3CH_pwr","ICC_MAX_TOTAL_3CH_pwr_ALL_POWER",13015001,"Parametric","",6.5e-06,37.8,"mA",32.4001,32.4001,32.4001,0,***,***,***,1,0,0,0.036946,***
"ICC_MAX_TOTAL_3CH_pwr","LVDS301_ICC_pll",13000301,"Parametric","",1,1,"mA",1,1,1,0,***,***,***,1,0,0,0.036946,***
"ICC_shutdown_Vdd","ICC_shutdown_Vdd",23000001,"Parametric","",***,9500,"nA",86.099,86.099,86.099,0,***,***,***,1,0,0,0.14972,***
"ICC_shutdown_Vdd","ICC_shutdown_Vdd",23000101,"Parametric","",***,9500,"nA",45.163,45.163,45.163,0,***,***,***,1,0,0,0.14972,***
"ICC_shutdown_Vdd","ICC_shutdown_Vdd",23000201,"Parametric","",***,9500,"nA",34.875,34.875,34.875,0,***,***,***,1,0,0,0.14972,***
"ICC_shutdown_Vdd","ICC_shutdown_Vdd",23000301,"Parametric","",***,9500,"nA",53.563,53.563,53.563,0,***,***,***,1,0,0,0.14972,***
"ICC_shutdown_Vdd","ICC_shutdown_Vdd",23000401,"Parametric","",***,9500,"nA",133.601,133.601,133.601,0,***,***,***,1,0,0,0.14972,***
"ICC_shutdown_Vdd","LVDS301_ICC_pll",23000301,"Parametric","",1,1,"nA",1,1,1,0,***,***,***,1,0,0,0.14972,***
"ICC_shutdn_0V","ICC_shutdn_0V",23010001,"Parametric","",***,9500,"nA",65.288,65.288,65.288,0,***,***,***,1,0,0,0.134092,***
"ICC_shutdn_0V","ICC_shutdn_0V",23010101,"Parametric","",***,9500,"nA",59.019,59.019,59.019,0,***,***,***,1,0,0,0.134092,***
"ICC_shutdn_0V","ICC_shutdn_0V",23010201,"Parametric","",***,9500,"nA",64.54,64.54,64.54,0,***,***,***,1,0,0,0.134092,***
"ICC_shutdn_0V","ICC_shutdn_0V",23010301,"Parametric","",***,9500,"nA",51.205,51.205,51.205,0,***,***,***,1,0,0,0.134092,***
"ICC_shutdn_0V","ICC_shutdn_0V",23010401,"Parametric","",***,9500,"nA",174.764,174.764,174.764,0,***,***,***,1,0,0,0.134092,***
"ICC_stdby_Vdd","ICC_stdby_Vdd",23020001,"Parametric","",***,9500,"nA",65.681,65.681,65.681,0,***,***,***,1,0,0,0.134561,***
"ICC_stdby_Vdd","ICC_stdby_Vdd",23020101,"Parametric","",***,9500,"nA",38.829,38.829,38.829,0,***,***,***,1,0,0,0.134561,***
"ICC_stdby_Vdd","ICC_stdby_Vdd",23020201,"Parametric","",***,9500,"nA",49.905,49.905,49.905,0,***,***,***,1,0,0,0.134561,***
"ICC_stdby_Vdd","ICC_stdby_Vdd",23020301,"Parametric","",***,9500,"nA",35.876,35.876,35.876,0,***,***,***,1,0,0,0.134561,***
"ICC_stdby_Vdd","ICC_stdby_Vdd",23020401,"Parametric","",***,9500,"nA",124.61,124.61,124.61,0,***,***,***,1,0,0,0.134561,***
"ICC_stdby_0V","ICC_stdby_0V",23030001,"Parametric","",***,9500,"nA",54.686,54.686,54.686,0,***,***,***,1,0,0,0.13826,***
"ICC_stdby_0V","ICC_stdby_0V",23030101,"Parametric","",***,9500,"nA",49.122,49.122,49.122,0,***,***,***,1,0,0,0.13826,***
"ICC_stdby_0V","ICC_stdby_0V",23030201,"Parametric","",***,9500,"nA",44.368,44.368,44.368,0,***,***,***,1,0,0,0.13826,***
"ICC_stdby_0V","ICC_stdby_0V",23030301,"Parametric","",***,9500,"nA",52.384,52.384,52.384,0,***,***,***,1,0,0,0.0265633,***
"ICC_stdby_0V","ICC_stdby_0V",23030401,"Parametric","",***,9500,"nA",145.874,145.874,145.874,0,***,***,***,1,0,0,0.13826,***
"PRBS_1ch","L301_PRBS_30b_00X00_tdl_NR2",23030301,"Parametric","",1,1,"nA",1,1,1,0,***,***,***,1,0,0,0.0265633,***
"Func_2CH","L301_PRBS_15b_00X00_tdl_NR",23030301,"Parametric","",1,1,"nA",1,1,1,0,***,***,***,1,0,0,0.0265633,***
"Func_3CH","L301_PRBS_10b_00X00_tdl_NR",23030301,"Parametric","",1,1,"nA",1,1,1,0,***,***,***,1,0,0,0.0265633,***
"t_pwrup_GNG","LVDS301_ICC_pll",23030301,"Parametric","",1,1,"nA",1,1,1,0,***,***,***,1,0,0,0.0265633,***
"t_wkup_GNG","LVDS301_ICC_pll",23030301,"Parametric","",1,1,"nA",1,1,1,0,***,***,***,1,0,0,0.0265633,***
"tGS_GNG","LVDS301_ICC_pll",23030301,"Parametric","",1,1,"nA",1,1,1,0,***,***,***,1,0,0,0.0265633,***
"t_pwrdn_GNG","LVDS301_ICC_pll",23030301,"Parametric","",1,1,"nA",1,1,1,0,***,***,***,1,0,0,0.0265633,***
"t_sleep_GNG","LVDS301_ICC_pll",23030301,"Parametric","",1,1,"nA",1,1,1,0,***,***,***,1,0,0,0.0265633,***
"ZOUT_AllOutputs_Post","ZOUT_AllOutputs_Post",180000001,"Parametric","",144,256,"Ohm",219.85,219.85,219.85,0,***,***,***,1,0,0,0.012527,***
"ZOUT_AllOutputs_Post","ZOUT_AllOutputs_Post",180000002,"Parametric","",144,256,"Ohm",219.779,219.779,219.779,0,***,***,***,1,0,0,0.012527,***
"ZOUT_AllOutputs_Post","ZOUT_AllOutputs_Post",180000003,"Parametric","",144,256,"Ohm",218.379,218.379,218.379,0,***,***,***,1,0,0,0.012527,***
"ZOUT_AllOutputs_Post","ZOUT_AllOutputs_Post",180000004,"Parametric","",144,256,"Ohm",218.689,218.689,218.689,0,***,***,***,1,0,0,0.012527,***
"IIH_Inputs_Post","IIH_Inputs_Post",4049,"Parametric","",***,180,"nA",0,0,0,0,***,***,***,1,0,0,0.026736,***
"IIH_Inputs_Post","IIH_Inputs_Post",4149,"Parametric","",***,180,"nA",1,1,1,0,***,***,***,1,0,0,0.026736,***
"IIH_Inputs_Post","IIH_Inputs_Post",4249,"Parametric","",***,180,"nA",1,1,1,0,***,***,***,1,0,0,0.026736,***
"IIH_Inputs_Post","IIH_Inputs_Post",4349,"Parametric","",***,180,"nA",1,1,1,0,***,***,***,1,0,0,0.026736,***
"IIH_Inputs_Post","IIH_Inputs_Post",4449,"Parametric","",***,180,"nA",1,1,1,0,***,***,***,1,0,0,0.026736,***
"IIH_Inputs_Post","IIH_Inputs_Post",4549,"Parametric","",***,180,"nA",1,1,1,0,***,***,***,1,0,0,0.026736,***
"IIH_Inputs_Post","IIH_Inputs_Post",4649,"Parametric","",***,180,"nA",1,1,1,0,***,***,***,1,0,0,0.026736,***
"IIH_Inputs_Post","IIH_Inputs_Post",4749,"Parametric","",***,180,"nA",1,1,1,0,***,***,***,1,0,0,0.026736,***
"IIH_Inputs_Post","IIH_Inputs_Post",4849,"Parametric","",***,180,"nA",1,1,1,0,***,***,***,1,0,0,0.026736,***
"IIH_Inputs_Post","IIH_Inputs_Post",4949,"Parametric","",***,180,"nA",1,1,1,0,***,***,***,1,0,0,0.026736,***
"IIH_Inputs_Post","IIH_Inputs_Post",5049,"Parametric","",***,180,"nA",1,1,1,0,***,***,***,1,0,0,0.026736,***
"IIH_Inputs_Post","IIH_Inputs_Post",5149,"Parametric","",***,180,"nA",1,1,1,0,***,***,***,1,0,0,0.026736,***
"IIH_Inputs_Post","IIH_Inputs_Post",5249,"Parametric","",***,180,"nA",1,1,1,0,***,***,***,1,0,0,0.026736,***
"IIH_Inputs_Post","IIH_Inputs_Post",5349,"Parametric","",***,180,"nA",1,1,1,0,***,***,***,1,0,0,0.026736,***
"IIH_Inputs_Post","IIH_Inputs_Post",5449,"Parametric","",***,180,"nA",1,1,1,0,***,***,***,1,0,0,0.026736,***
"IIH_Inputs_Post","IIH_Inputs_Post",5549,"Parametric","",***,180,"nA",0,0,0,0,***,***,***,1,0,0,0.026736,***
"IIH_Inputs_Post","IIH_Inputs_Post",5649,"Parametric","",***,180,"nA",0,0,0,0,***,***,***,1,0,0,0.026736,***
"IIH_Inputs_Post","IIH_Inputs_Post",5749,"Parametric","",***,180,"nA",1,1,1,0,***,***,***,1,0,0,0.026736,***
"IIH_Inputs_Post","IIH_Inputs_Post",5849,"Parametric","",***,180,"nA",1,1,1,0,***,***,***,1,0,0,0.026736,***
"IIH_Inputs_Post","IIH_Inputs_Post",5949,"Parametric","",***,180,"nA",1,1,1,0,***,***,***,1,0,0,0.026736,***
"IIH_Inputs_Post","IIH_Inputs_Post",6049,"Parametric","",***,180,"nA",1,1,1,0,***,***,***,1,0,0,0.026736,***
"IIH_Inputs_Post","IIH_Inputs_Post",6149,"Parametric","",***,180,"nA",1,1,1,0,***,***,***,1,0,0,0.026736,***
"IIH_Inputs_Post","IIH_Inputs_Post",6249,"Parametric","",***,180,"nA",1,1,1,0,***,***,***,1,0,0,0.026736,***
"IIH_Inputs_Post","IIH_Inputs_Post",6349,"Parametric","",***,180,"nA",1,1,1,0,***,***,***,1,0,0,0.026736,***
"IIH_Inputs_Post","IIH_Inputs_Post",6449,"Parametric","",***,180,"nA",1,1,1,0,***,***,***,1,0,0,0.026736,***
"IIH_Inputs_Post","IIH_Inputs_Post",6549,"Parametric","",***,180,"nA",1,1,1,0,***,***,***,1,0,0,0.026736,***
"IIH_Inputs_Post","IIH_Inputs_Post",6649,"Parametric","",***,180,"nA",1,1,1,0,***,***,***,1,0,0,0.026736,***
"IIH_Inputs_Post","IIH_Inputs_Post",6749,"Parametric","",***,180,"nA",1,1,1,0,***,***,***,1,0,0,0.026736,***
"IIH_Inputs_Post","IIH_Inputs_Post",6849,"Parametric","",***,180,"nA",1,1,1,0,***,***,***,1,0,0,0.026736,***
"IIH_Inputs_Post","IIH_Inputs_Post",6949,"Parametric","",***,180,"nA",1,1,1,0,***,***,***,1,0,0,0.026736,***
"IIH_Inputs_Post","IIH_Inputs_Post",7049,"Parametric","",***,180,"nA",1,1,1,0,***,***,***,1,0,0,0.026736,***
"IIH_Inputs_Post","IIH_Inputs_Post",7149,"Parametric","",***,180,"nA",1,1,1,0,***,***,***,1,0,0,0.026736,***
"IIH_Inputs_Post","IIH_Inputs_Post",7249,"Parametric","",***,180,"nA",0,0,0,0,***,***,***,1,0,0,0.026736,***
"IIL_Inputs_Post","IIL_Inputs_Post",14049,"Parametric","",***,180,"nA",0,0,0,0,***,***,***,1,0,0,0.027474,***
"IIL_Inputs_Post","IIL_Inputs_Post",14149,"Parametric","",***,180,"nA",0,0,0,0,***,***,***,1,0,0,0.027474,***
"IIL_Inputs_Post","IIL_Inputs_Post",14249,"Parametric","",***,180,"nA",0,0,0,0,***,***,***,1,0,0,0.027474,***
"IIL_Inputs_Post","IIL_Inputs_Post",14349,"Parametric","",***,180,"nA",0,0,0,0,***,***,***,1,0,0,0.027474,***
"IIL_Inputs_Post","IIL_Inputs_Post",14449,"Parametric","",***,180,"nA",0,0,0,0,***,***,***,1,0,0,0.027474,***
"IIL_Inputs_Post","IIL_Inputs_Post",14549,"Parametric","",***,180,"nA",0,0,0,0,***,***,***,1,0,0,0.027474,***
"IIL_Inputs_Post","IIL_Inputs_Post",14649,"Parametric","",***,180,"nA",0,0,0,0,***,***,***,1,0,0,0.027474,***
"IIL_Inputs_Post","IIL_Inputs_Post",14749,"Parametric","",***,180,"nA",0,0,0,0,***,***,***,1,0,0,0.027474,***
"IIL_Inputs_Post","IIL_Inputs_Post",14849,"Parametric","",***,180,"nA",0,0,0,0,***,***,***,1,0,0,0.027474,***
"IIL_Inputs_Post","IIL_Inputs_Post",14949,"Parametric","",***,180,"nA",0,0,0,0,***,***,***,1,0,0,0.027474,***
"IIL_Inputs_Post","IIL_Inputs_Post",15049,"Parametric","",***,180,"nA",0,0,0,0,***,***,***,1,0,0,0.027474,***
"IIL_Inputs_Post","IIL_Inputs_Post",15149,"Parametric","",***,180,"nA",0,0,0,0,***,***,***,1,0,0,0.027474,***
"IIL_Inputs_Post","IIL_Inputs_Post",15249,"Parametric","",***,180,"nA",0,0,0,0,***,***,***,1,0,0,0.027474,***
"IIL_Inputs_Post","IIL_Inputs_Post",15349,"Parametric","",***,180,"nA",0,0,0,0,***,***,***,1,0,0,0.027474,***
"IIL_Inputs_Post","IIL_Inputs_Post",15449,"Parametric","",***,180,"nA",0,0,0,0,***,***,***,1,0,0,0.027474,***
"IIL_Inputs_Post","IIL_Inputs_Post",15549,"Parametric","",***,180,"nA",0,0,0,0,***,***,***,1,0,0,0.027474,***
"IIL_Inputs_Post","IIL_Inputs_Post",15649,"Parametric","",***,180,"nA",0,0,0,0,***,***,***,1,0,0,0.027474,***
"IIL_Inputs_Post","IIL_Inputs_Post",15749,"Parametric","",***,180,"nA",0,0,0,0,***,***,***,1,0,0,0.027474,***
"IIL_Inputs_Post","IIL_Inputs_Post",15849,"Parametric","",***,180,"nA",0,0,0,0,***,***,***,1,0,0,0.027474,***
"IIL_Inputs_Post","IIL_Inputs_Post",15949,"Parametric","",***,180,"nA",0,0,0,0,***,***,***,1,0,0,0.027474,***
"IIL_Inputs_Post","IIL_Inputs_Post",16049,"Parametric","",***,180,"nA",0,0,0,0,***,***,***,1,0,0,0.027474,***
"IIL_Inputs_Post","IIL_Inputs_Post",16149,"Parametric","",***,180,"nA",0,0,0,0,***,***,***,1,0,0,0.027474,***
"IIL_Inputs_Post","IIL_Inputs_Post",16249,"Parametric","",***,180,"nA",0,0,0,0,***,***,***,1,0,0,0.027474,***
"IIL_Inputs_Post","IIL_Inputs_Post",16349,"Parametric","",***,180,"nA",0,0,0,0,***,***,***,1,0,0,0.027474,***
"IIL_Inputs_Post","IIL_Inputs_Post",16449,"Parametric","",***,180,"nA",0,0,0,0,***,***,***,1,0,0,0.027474,***
"IIL_Inputs_Post","IIL_Inputs_Post",16549,"Parametric","",***,180,"nA",0,0,0,0,***,***,***,1,0,0,0.027474,***
"IIL_Inputs_Post","IIL_Inputs_Post",16649,"Parametric","",***,180,"nA",0,0,0,0,***,***,***,1,0,0,0.027474,***
"IIL_Inputs_Post","IIL_Inputs_Post",16749,"Parametric","",***,180,"nA",0,0,0,0,***,***,***,1,0,0,0.027474,***
"IIL_Inputs_Post","IIL_Inputs_Post",16849,"Parametric","",***,180,"nA",0,0,0,0,***,***,***,1,0,0,0.027474,***
"IIL_Inputs_Post","IIL_Inputs_Post",16949,"Parametric","",***,180,"nA",0,0,0,0,***,***,***,1,0,0,0.027474,***
"IIL_Inputs_Post","IIL_Inputs_Post",17049,"Parametric","",***,180,"nA",0,0,0,0,***,***,***,1,0,0,0.027474,***
"IIL_Inputs_Post","IIL_Inputs_Post",17149,"Parametric","",***,180,"nA",-1,-1,-1,0,***,***,***,1,0,0,0.027474,***
"IIL_Inputs_Post","IIL_Inputs_Post",17249,"Parametric","",***,180,"nA",0,0,0,0,***,***,***,1,0,0,0.027474,***
"IOZ_P_GND_Post","IOZ_P_GND_Post",100052,"Parametric","",-3000,3000,"nA",-8,-8,-8,0,***,***,***,1,0,0,0.012044,***
"IOZ_P_GND_Post","IOZ_P_GND_Post",100053,"Parametric","",-3000,3000,"nA",-7,-7,-7,0,***,***,***,1,0,0,0.012044,***
"IOZ_P_GND_Post","IOZ_P_GND_Post",100054,"Parametric","",-3000,3000,"nA",-7,-7,-7,0,***,***,***,1,0,0,0.012044,***
"IOZ_P_GND_Post","IOZ_P_GND_Post",100055,"Parametric","",-3000,3000,"nA",-8,-8,-8,0,***,***,***,1,0,0,0.012044,***
"IOZ_P_VDD_Post","IOZ_P_VDD_Post",1000052,"Parametric","",-3000,3000,"nA",-4,-4,-4,0,***,***,***,1,0,0,0.01228,***
"IOZ_P_VDD_Post","IOZ_P_VDD_Post",1000053,"Parametric","",-3000,3000,"nA",-4,-4,-4,0,***,***,***,1,0,0,0.01228,***
"IOZ_P_VDD_Post","IOZ_P_VDD_Post",1000054,"Parametric","",-3000,3000,"nA",-4,-4,-4,0,***,***,***,1,0,0,0.01228,***
"IOZ_P_VDD_Post","IOZ_P_VDD_Post",1000055,"Parametric","",-3000,3000,"nA",-8,-8,-8,0,***,***,***,1,0,0,0.01228,***
"IOZ_N_VDD_Post","IOZ_N_VDD_Post",100000052,"Parametric","",-3000,3000,"nA",-6,-6,-6,0,***,***,***,1,0,0,0.012397,***
"IOZ_N_VDD_Post","IOZ_N_VDD_Post",100000053,"Parametric","",-3000,3000,"nA",-7,-7,-7,0,***,***,***,1,0,0,0.012397,***
"IOZ_N_VDD_Post","IOZ_N_VDD_Post",100000054,"Parametric","",-3000,3000,"nA",-4,-4,-4,0,***,***,***,1,0,0,0.012397,***
"IOZ_N_VDD_Post","IOZ_N_VDD_Post",100000055,"Parametric","",-3000,3000,"nA",-6,-6,-6,0,***,***,***,1,0,0,0.012397,***
"IOZ_N_GND_Post","IOZ_N_GND_Post",10000052,"Parametric","",-3000,3000,"nA",-10,-10,-10,0,***,***,***,1,0,0,0.012504,***
"IOZ_N_GND_Post","IOZ_N_GND_Post",10000053,"Parametric","",-3000,3000,"nA",-9,-9,-9,0,***,***,***,1,0,0,0.012504,***
"IOZ_N_GND_Post","IOZ_N_GND_Post",10000054,"Parametric","",-3000,3000,"nA",-9,-9,-9,0,***,***,***,1,0,0,0.012504,***
"IOZ_N_GND_Post","IOZ_N_GND_Post",10000055,"Parametric","",-3000,3000,"nA",-9,-9,-9,0,***,***,***,1,0,0,0.012504,***
"DIODE_GND_Post","DIODE_GND_Post",20016,"Parametric","",-1000,-300,"mV",-440.478,-440.478,-440.478,0,***,***,***,1,0,0,0.026555,***
"DIODE_GND_Post","DIODE_GND_Post",20116,"Parametric","",-1000,-300,"mV",-440.024,-440.024,-440.024,0,***,***,***,1,0,0,0.026555,***
"DIODE_GND_Post","DIODE_GND_Post",20216,"Parametric","",-1000,-300,"mV",-440.322,-440.322,-440.322,0,***,***,***,1,0,0,0.026555,***
"DIODE_GND_Post","DIODE_GND_Post",20316,"Parametric","",-1000,-300,"mV",-440.033,-440.033,-440.033,0,***,***,***,1,0,0,0.026555,***
"DIODE_GND_Post","DIODE_GND_Post",20416,"Parametric","",-1000,-300,"mV",-441.033,-441.033,-441.033,0,***,***,***,1,0,0,0.026555,***
"DIODE_GND_Post","DIODE_GND_Post",20516,"Parametric","",-1000,-300,"mV",-441.033,-441.033,-441.033,0,***,***,***,1,0,0,0.026555,***
"DIODE_GND_Post","DIODE_GND_Post",20616,"Parametric","",-1000,-300,"mV",-442.14,-442.14,-442.14,0,***,***,***,1,0,0,0.026555,***
"DIODE_GND_Post","DIODE_GND_Post",20716,"Parametric","",-1000,-300,"mV",-442.87,-442.87,-442.87,0,***,***,***,1,0,0,0.026555,***
"DIODE_GND_Post","DIODE_GND_Post",20816,"Parametric","",-1000,-300,"mV",-440.976,-440.976,-440.976,0,***,***,***,1,0,0,0.026555,***
"DIODE_GND_Post","DIODE_GND_Post",20916,"Parametric","",-1000,-300,"mV",-441.09,-441.09,-441.09,0,***,***,***,1,0,0,0.026555,***
"DIODE_GND_Post","DIODE_GND_Post",21016,"Parametric","",-1000,-300,"mV",-438.717,-438.717,-438.717,0,***,***,***,1,0,0,0.026555,***
"DIODE_GND_Post","DIODE_GND_Post",21116,"Parametric","",-1000,-300,"mV",-439.844,-439.844,-439.844,0,***,***,***,1,0,0,0.026555,***
"DIODE_GND_Post","DIODE_GND_Post",21216,"Parametric","",-1000,-300,"mV",-440.734,-440.734,-440.734,0,***,***,***,1,0,0,0.026555,***
"DIODE_GND_Post","DIODE_GND_Post",21316,"Parametric","",-1000,-300,"mV",-441.077,-441.077,-441.077,0,***,***,***,1,0,0,0.026555,***
"DIODE_GND_Post","DIODE_GND_Post",21416,"Parametric","",-1000,-300,"mV",-441.319,-441.319,-441.319,0,***,***,***,1,0,0,0.026555,***
"DIODE_GND_Post","DIODE_GND_Post",21516,"Parametric","",-1000,-300,"mV",-442.978,-442.978,-442.978,0,***,***,***,1,0,0,0.026555,***
"DIODE_GND_Post","DIODE_GND_Post",21616,"Parametric","",-1000,-300,"mV",-444.078,-444.078,-444.078,0,***,***,***,1,0,0,0.026555,***
"DIODE_GND_Post","DIODE_GND_Post",21716,"Parametric","",-1000,-300,"mV",-440.364,-440.364,-440.364,0,***,***,***,1,0,0,0.026555,***
"DIODE_GND_Post","DIODE_GND_Post",21816,"Parametric","",-1000,-300,"mV",-441.852,-441.852,-441.852,0,***,***,***,1,0,0,0.026555,***
"DIODE_GND_Post","DIODE_GND_Post",21916,"Parametric","",-1000,-300,"mV",-444.097,-444.097,-444.097,0,***,***,***,1,0,0,0.026555,***
"DIODE_GND_Post","DIODE_GND_Post",22016,"Parametric","",-1000,-300,"mV",-444.529,-444.529,-444.529,0,***,***,***,1,0,0,0.026555,***
"DIODE_GND_Post","DIODE_GND_Post",22116,"Parametric","",-1000,-300,"mV",-444.885,-444.885,-444.885,0,***,***,***,1,0,0,0.026555,***
"DIODE_GND_Post","DIODE_GND_Post",22216,"Parametric","",-1000,-300,"mV",-443.925,-443.925,-443.925,0,***,***,***,1,0,0,0.026555,***
"DIODE_GND_Post","DIODE_GND_Post",22316,"Parametric","",-1000,-300,"mV",-444.465,-444.465,-444.465,0,***,***,***,1,0,0,0.026555,***
"DIODE_GND_Post","DIODE_GND_Post",22416,"Parametric","",-1000,-300,"mV",-444.256,-444.256,-444.256,0,***,***,***,1,0,0,0.026555,***
"DIODE_GND_Post","DIODE_GND_Post",22516,"Parametric","",-1000,-300,"mV",-443.97,-443.97,-443.97,0,***,***,***,1,0,0,0.026555,***
"DIODE_GND_Post","DIODE_GND_Post",22616,"Parametric","",-1000,-300,"mV",-439.55,-439.55,-439.55,0,***,***,***,1,0,0,0.026555,***
"DIODE_GND_Post","DIODE_GND_Post",22716,"Parametric","",-1000,-300,"mV",-443.512,-443.512,-443.512,0,***,***,***,1,0,0,0.026555,***
"DIODE_GND_Post","DIODE_GND_Post",22816,"Parametric","",-1000,-300,"mV",-445.07,-445.07,-445.07,0,***,***,***,1,0,0,0.026555,***
"DIODE_GND_Post","DIODE_GND_Post",22916,"Parametric","",-1000,-300,"mV",-440.192,-440.192,-440.192,0,***,***,***,1,0,0,0.026555,***
"DIODE_GND_Post","DIODE_GND_Post",23016,"Parametric","",-1000,-300,"mV",-442.78,-442.78,-442.78,0,***,***,***,1,0,0,0.026555,***
"DIODE_GND_Post","DIODE_GND_Post",23116,"Parametric","",-1000,-300,"mV",-444.599,-444.599,-444.599,0,***,***,***,1,0,0,0.026555,***
"DIODE_GND_Post","DIODE_GND_Post",23216,"Parametric","",-1000,-300,"mV",-444.427,-444.427,-444.427,0,***,***,***,1,0,0,0.026555,***
"DIODE_GND_Post","DIODE_GND_Post",23316,"Parametric","",-1000,-300,"mV",-445.871,-445.871,-445.871,0,***,***,***,1,0,0,0.026555,***
"DIODE_GND_Post","DIODE_GND_Post",23416,"Parametric","",-1000,-300,"mV",-444.014,-444.014,-444.014,0,***,***,***,1,0,0,0.026555,***
"DIODE_GND_Post","DIODE_GND_Post",23516,"Parametric","",-1000,-300,"mV",-441.695,-441.695,-441.695,0,***,***,***,1,0,0,0.026555,***
"DIODE_GND_Post","DIODE_GND_Post",23616,"Parametric","",-1000,-300,"mV",-444.084,-444.084,-444.084,0,***,***,***,1,0,0,0.026555,***
"DIODE_GND_Post","DIODE_GND_Post",23716,"Parametric","",-1000,-300,"mV",-440.881,-440.881,-440.881,0,***,***,***,1,0,0,0.026555,***
"DIODE_GND_Post","DIODE_GND_Post",23816,"Parametric","",-1000,-300,"mV",-440.093,-440.093,-440.093,0,***,***,***,1,0,0,0.026555,***
"DIODE_GND_Post","DIODE_GND_Post",23916,"Parametric","",-1000,-300,"mV",-439.232,-439.232,-439.232,0,***,***,***,1,0,0,0.026555,***
"DIODE_GND_Post","DIODE_GND_Post",24016,"Parametric","",-1000,-300,"mV",-440.125,-440.125,-440.125,0,***,***,***,1,0,0,0.026555,***
"PIN2PIN_ODD_ROW_post","PIN2PIN_ODD_ROW_post",8017,"Parametric","",-1600,75,"nA",-62,-62,-62,0,***,***,***,1,0,0,0.024502,***
"PIN2PIN_ODD_ROW_post","PIN2PIN_ODD_ROW_post",8117,"Parametric","",-1600,75,"nA",-60,-60,-60,0,***,***,***,1,0,0,0.024502,***
"PIN2PIN_ODD_ROW_post","PIN2PIN_ODD_ROW_post",8217,"Parametric","",-1600,75,"nA",-60,-60,-60,0,***,***,***,1,0,0,0.024502,***
"PIN2PIN_ODD_ROW_post","PIN2PIN_ODD_ROW_post",8317,"Parametric","",-1600,75,"nA",-59,-59,-59,0,***,***,***,1,0,0,0.024502,***
"PIN2PIN_ODD_ROW_post","PIN2PIN_ODD_ROW_post",8417,"Parametric","",-1600,75,"nA",-60,-60,-60,0,***,***,***,1,0,0,0.024502,***
"PIN2PIN_ODD_ROW_post","PIN2PIN_ODD_ROW_post",8517,"Parametric","",-1600,75,"nA",-60,-60,-60,0,***,***,***,1,0,0,0.024502,***
"PIN2PIN_ODD_ROW_post","PIN2PIN_ODD_ROW_post",8617,"Parametric","",-1600,75,"nA",-58,-58,-58,0,***,***,***,1,0,0,0.024502,***
"PIN2PIN_ODD_ROW_post","PIN2PIN_ODD_ROW_post",8717,"Parametric","",-1600,75,"nA",-58,-58,-58,0,***,***,***,1,0,0,0.024502,***
"PIN2PIN_ODD_ROW_post","PIN2PIN_ODD_ROW_post",8817,"Parametric","",-1600,75,"nA",-60,-60,-60,0,***,***,***,1,0,0,0.024502,***
"PIN2PIN_ODD_ROW_post","PIN2PIN_ODD_ROW_post",8917,"Parametric","",-1600,75,"nA",-59,-59,-59,0,***,***,***,1,0,0,0.024502,***
"PIN2PIN_ODD_ROW_post","PIN2PIN_ODD_ROW_post",9017,"Parametric","",-1600,75,"nA",-57,-57,-57,0,***,***,***,1,0,0,0.024502,***
"PIN2PIN_ODD_ROW_post","PIN2PIN_ODD_ROW_post",9117,"Parametric","",-1600,75,"nA",-53,-53,-53,0,***,***,***,1,0,0,0.024502,***
"PIN2PIN_ODD_ROW_post","PIN2PIN_ODD_ROW_post",9217,"Parametric","",-1600,75,"nA",-55,-55,-55,0,***,***,***,1,0,0,0.024502,***
"PIN2PIN_ODD_ROW_post","PIN2PIN_ODD_ROW_post",9317,"Parametric","",-1600,75,"nA",-54,-54,-54,0,***,***,***,1,0,0,0.024502,***
"PIN2PIN_ODD_ROW_post","PIN2PIN_ODD_ROW_post",9417,"Parametric","",-1600,75,"nA",-54,-54,-54,0,***,***,***,1,0,0,0.024502,***
"PIN2PIN_ODD_ROW_post","PIN2PIN_ODD_ROW_post",9517,"Parametric","",-1600,75,"nA",-55,-55,-55,0,***,***,***,1,0,0,0.024502,***
"PIN2PIN_ODD_ROW_post","PIN2PIN_ODD_ROW_post",9617,"Parametric","",-1600,75,"nA",-54,-54,-54,0,***,***,***,1,0,0,0.024502,***
"PIN2PIN_ODD_ROW_post","PIN2PIN_ODD_ROW_post",9717,"Parametric","",-1600,75,"nA",-53,-53,-53,0,***,***,***,1,0,0,0.024502,***
"PIN2PIN_ODD_ROW_post","PIN2PIN_ODD_ROW_post",9817,"Parametric","",-1600,75,"nA",-61,-61,-61,0,***,***,***,1,0,0,0.024502,***
"PIN2PIN_ODD_ROW_post","PIN2PIN_ODD_ROW_post",9917,"Parametric","",-1600,75,"nA",-56,-56,-56,0,***,***,***,1,0,0,0.024502,***
"PIN2PIN_ODD_ROW_post","PIN2PIN_ODD_ROW_post",10017,"Parametric","",-1600,75,"nA",-56,-56,-56,0,***,***,***,1,0,0,0.024502,***
"PIN2PIN_ODD_ROW_post","PIN2PIN_ODD_ROW_post",10117,"Parametric","",-1600,75,"nA",-60,-60,-60,0,***,***,***,1,0,0,0.024502,***
"PIN2PIN_ODD_ROW_post","PIN2PIN_ODD_ROW_post",10217,"Parametric","",-1600,75,"nA",-56,-56,-56,0,***,***,***,1,0,0,0.024502,***
"PIN2PIN_ODD_ROW_post","PIN2PIN_ODD_ROW_post",10317,"Parametric","",-1600,75,"nA",-53,-53,-53,0,***,***,***,1,0,0,0.024502,***
"PIN2PIN_ODD_ROW_post","PIN2PIN_ODD_ROW_post",10417,"Parametric","",-1600,75,"nA",-52,-52,-52,0,***,***,***,1,0,0,0.024502,***
"PIN2PIN_ODD_ROW_post","PIN2PIN_ODD_ROW_post",10517,"Parametric","",-1600,75,"nA",-52,-52,-52,0,***,***,***,1,0,0,0.024502,***
"PIN2PIN_ODD_ROW_post","PIN2PIN_ODD_ROW_post",10617,"Parametric","",-1600,75,"nA",-54,-54,-54,0,***,***,***,1,0,0,0.024502,***
"PIN2PIN_ODD_ROW_post","PIN2PIN_ODD_ROW_post",10717,"Parametric","",-1600,75,"nA",-55,-55,-55,0,***,***,***,1,0,0,0.024502,***
"PIN2PIN_ODD_ROW_post","PIN2PIN_ODD_ROW_post",10817,"Parametric","",-1600,75,"nA",-53,-53,-53,0,***,***,***,1,0,0,0.024502,***
"PIN2PIN_ODD_ROW_post","PIN2PIN_ODD_ROW_post",10917,"Parametric","",-1600,75,"nA",-55,-55,-55,0,***,***,***,1,0,0,0.024502,***
"PIN2PIN_ODD_ROW_post","PIN2PIN_ODD_ROW_post",11017,"Parametric","",-1600,75,"nA",-57,-57,-57,0,***,***,***,1,0,0,0.024502,***
"PIN2PIN_ODD_ROW_post","PIN2PIN_ODD_ROW_post",11117,"Parametric","",-1600,75,"nA",-58,-58,-58,0,***,***,***,1,0,0,0.024502,***
"PIN2PIN_ODD_ROW_post","PIN2PIN_ODD_ROW_post",11217,"Parametric","",-1600,75,"nA",-60,-60,-60,0,***,***,***,1,0,0,0.024502,***
"SupplyShort_VDD_Post","SupplyShort_VDD_Post",1019,"Parametric","",***,100000,"nA",-412.584,-412.584,-412.584,0,***,***,***,1,0,0,0.096006,***